Emotions,Path
male-neutral,audio_speech_emotion/Actor_01/03-01-01-01-01-01-01.wav
male-neutral,audio_speech_emotion/Actor_01/03-01-01-01-01-02-01.wav
male-neutral,audio_speech_emotion/Actor_01/03-01-01-01-02-01-01.wav
male-neutral,audio_speech_emotion/Actor_01/03-01-01-01-02-02-01.wav
male-calm,audio_speech_emotion/Actor_01/03-01-02-01-01-01-01.wav
male-calm,audio_speech_emotion/Actor_01/03-01-02-01-01-02-01.wav
male-calm,audio_speech_emotion/Actor_01/03-01-02-01-02-01-01.wav
male-calm,audio_speech_emotion/Actor_01/03-01-02-01-02-02-01.wav
male-calm,audio_speech_emotion/Actor_01/03-01-02-02-01-01-01.wav
male-calm,audio_speech_emotion/Actor_01/03-01-02-02-01-02-01.wav
male-calm,audio_speech_emotion/Actor_01/03-01-02-02-02-01-01.wav
male-calm,audio_speech_emotion/Actor_01/03-01-02-02-02-02-01.wav
male-happy,audio_speech_emotion/Actor_01/03-01-03-01-01-01-01.wav
male-happy,audio_speech_emotion/Actor_01/03-01-03-01-01-02-01.wav
male-happy,audio_speech_emotion/Actor_01/03-01-03-01-02-01-01.wav
male-happy,audio_speech_emotion/Actor_01/03-01-03-01-02-02-01.wav
male-happy,audio_speech_emotion/Actor_01/03-01-03-02-01-01-01.wav
male-happy,audio_speech_emotion/Actor_01/03-01-03-02-01-02-01.wav
male-happy,audio_speech_emotion/Actor_01/03-01-03-02-02-01-01.wav
male-happy,audio_speech_emotion/Actor_01/03-01-03-02-02-02-01.wav
male-sad,audio_speech_emotion/Actor_01/03-01-04-01-01-01-01.wav
male-sad,audio_speech_emotion/Actor_01/03-01-04-01-01-02-01.wav
male-sad,audio_speech_emotion/Actor_01/03-01-04-01-02-01-01.wav
male-sad,audio_speech_emotion/Actor_01/03-01-04-01-02-02-01.wav
male-sad,audio_speech_emotion/Actor_01/03-01-04-02-01-01-01.wav
male-sad,audio_speech_emotion/Actor_01/03-01-04-02-01-02-01.wav
male-sad,audio_speech_emotion/Actor_01/03-01-04-02-02-01-01.wav
male-sad,audio_speech_emotion/Actor_01/03-01-04-02-02-02-01.wav
male-angry,audio_speech_emotion/Actor_01/03-01-05-01-01-01-01.wav
male-angry,audio_speech_emotion/Actor_01/03-01-05-01-01-02-01.wav
male-angry,audio_speech_emotion/Actor_01/03-01-05-01-02-01-01.wav
male-angry,audio_speech_emotion/Actor_01/03-01-05-01-02-02-01.wav
male-angry,audio_speech_emotion/Actor_01/03-01-05-02-01-01-01.wav
male-angry,audio_speech_emotion/Actor_01/03-01-05-02-01-02-01.wav
male-angry,audio_speech_emotion/Actor_01/03-01-05-02-02-01-01.wav
male-angry,audio_speech_emotion/Actor_01/03-01-05-02-02-02-01.wav
male-fear,audio_speech_emotion/Actor_01/03-01-06-01-01-01-01.wav
male-fear,audio_speech_emotion/Actor_01/03-01-06-01-01-02-01.wav
male-fear,audio_speech_emotion/Actor_01/03-01-06-01-02-01-01.wav
male-fear,audio_speech_emotion/Actor_01/03-01-06-01-02-02-01.wav
male-fear,audio_speech_emotion/Actor_01/03-01-06-02-01-01-01.wav
male-fear,audio_speech_emotion/Actor_01/03-01-06-02-01-02-01.wav
male-fear,audio_speech_emotion/Actor_01/03-01-06-02-02-01-01.wav
male-fear,audio_speech_emotion/Actor_01/03-01-06-02-02-02-01.wav
male-disgust,audio_speech_emotion/Actor_01/03-01-07-01-01-01-01.wav
male-disgust,audio_speech_emotion/Actor_01/03-01-07-01-01-02-01.wav
male-disgust,audio_speech_emotion/Actor_01/03-01-07-01-02-01-01.wav
male-disgust,audio_speech_emotion/Actor_01/03-01-07-01-02-02-01.wav
male-disgust,audio_speech_emotion/Actor_01/03-01-07-02-01-01-01.wav
male-disgust,audio_speech_emotion/Actor_01/03-01-07-02-01-02-01.wav
male-disgust,audio_speech_emotion/Actor_01/03-01-07-02-02-01-01.wav
male-disgust,audio_speech_emotion/Actor_01/03-01-07-02-02-02-01.wav
male-surprise,audio_speech_emotion/Actor_01/03-01-08-01-01-01-01.wav
male-surprise,audio_speech_emotion/Actor_01/03-01-08-01-01-02-01.wav
male-surprise,audio_speech_emotion/Actor_01/03-01-08-01-02-01-01.wav
male-surprise,audio_speech_emotion/Actor_01/03-01-08-01-02-02-01.wav
male-surprise,audio_speech_emotion/Actor_01/03-01-08-02-01-01-01.wav
male-surprise,audio_speech_emotion/Actor_01/03-01-08-02-01-02-01.wav
male-surprise,audio_speech_emotion/Actor_01/03-01-08-02-02-01-01.wav
male-surprise,audio_speech_emotion/Actor_01/03-01-08-02-02-02-01.wav
female-neutral,audio_speech_emotion/Actor_02/03-01-01-01-01-01-02.wav
female-neutral,audio_speech_emotion/Actor_02/03-01-01-01-01-02-02.wav
female-neutral,audio_speech_emotion/Actor_02/03-01-01-01-02-01-02.wav
female-neutral,audio_speech_emotion/Actor_02/03-01-01-01-02-02-02.wav
female-calm,audio_speech_emotion/Actor_02/03-01-02-01-01-01-02.wav
female-calm,audio_speech_emotion/Actor_02/03-01-02-01-01-02-02.wav
female-calm,audio_speech_emotion/Actor_02/03-01-02-01-02-01-02.wav
female-calm,audio_speech_emotion/Actor_02/03-01-02-01-02-02-02.wav
female-calm,audio_speech_emotion/Actor_02/03-01-02-02-01-01-02.wav
female-calm,audio_speech_emotion/Actor_02/03-01-02-02-01-02-02.wav
female-calm,audio_speech_emotion/Actor_02/03-01-02-02-02-01-02.wav
female-calm,audio_speech_emotion/Actor_02/03-01-02-02-02-02-02.wav
female-happy,audio_speech_emotion/Actor_02/03-01-03-01-01-01-02.wav
female-happy,audio_speech_emotion/Actor_02/03-01-03-01-01-02-02.wav
female-happy,audio_speech_emotion/Actor_02/03-01-03-01-02-01-02.wav
female-happy,audio_speech_emotion/Actor_02/03-01-03-01-02-02-02.wav
female-happy,audio_speech_emotion/Actor_02/03-01-03-02-01-01-02.wav
female-happy,audio_speech_emotion/Actor_02/03-01-03-02-01-02-02.wav
female-happy,audio_speech_emotion/Actor_02/03-01-03-02-02-01-02.wav
female-happy,audio_speech_emotion/Actor_02/03-01-03-02-02-02-02.wav
female-sad,audio_speech_emotion/Actor_02/03-01-04-01-01-01-02.wav
female-sad,audio_speech_emotion/Actor_02/03-01-04-01-01-02-02.wav
female-sad,audio_speech_emotion/Actor_02/03-01-04-01-02-01-02.wav
female-sad,audio_speech_emotion/Actor_02/03-01-04-01-02-02-02.wav
female-sad,audio_speech_emotion/Actor_02/03-01-04-02-01-01-02.wav
female-sad,audio_speech_emotion/Actor_02/03-01-04-02-01-02-02.wav
female-sad,audio_speech_emotion/Actor_02/03-01-04-02-02-01-02.wav
female-sad,audio_speech_emotion/Actor_02/03-01-04-02-02-02-02.wav
female-angry,audio_speech_emotion/Actor_02/03-01-05-01-01-01-02.wav
female-angry,audio_speech_emotion/Actor_02/03-01-05-01-01-02-02.wav
female-angry,audio_speech_emotion/Actor_02/03-01-05-01-02-01-02.wav
female-angry,audio_speech_emotion/Actor_02/03-01-05-01-02-02-02.wav
female-angry,audio_speech_emotion/Actor_02/03-01-05-02-01-01-02.wav
female-angry,audio_speech_emotion/Actor_02/03-01-05-02-01-02-02.wav
female-angry,audio_speech_emotion/Actor_02/03-01-05-02-02-01-02.wav
female-angry,audio_speech_emotion/Actor_02/03-01-05-02-02-02-02.wav
female-fear,audio_speech_emotion/Actor_02/03-01-06-01-01-01-02.wav
female-fear,audio_speech_emotion/Actor_02/03-01-06-01-01-02-02.wav
female-fear,audio_speech_emotion/Actor_02/03-01-06-01-02-01-02.wav
female-fear,audio_speech_emotion/Actor_02/03-01-06-01-02-02-02.wav
female-fear,audio_speech_emotion/Actor_02/03-01-06-02-01-01-02.wav
female-fear,audio_speech_emotion/Actor_02/03-01-06-02-01-02-02.wav
female-fear,audio_speech_emotion/Actor_02/03-01-06-02-02-01-02.wav
female-fear,audio_speech_emotion/Actor_02/03-01-06-02-02-02-02.wav
female-disgust,audio_speech_emotion/Actor_02/03-01-07-01-01-01-02.wav
female-disgust,audio_speech_emotion/Actor_02/03-01-07-01-01-02-02.wav
female-disgust,audio_speech_emotion/Actor_02/03-01-07-01-02-01-02.wav
female-disgust,audio_speech_emotion/Actor_02/03-01-07-01-02-02-02.wav
female-disgust,audio_speech_emotion/Actor_02/03-01-07-02-01-01-02.wav
female-disgust,audio_speech_emotion/Actor_02/03-01-07-02-01-02-02.wav
female-disgust,audio_speech_emotion/Actor_02/03-01-07-02-02-01-02.wav
female-disgust,audio_speech_emotion/Actor_02/03-01-07-02-02-02-02.wav
female-surprise,audio_speech_emotion/Actor_02/03-01-08-01-01-01-02.wav
female-surprise,audio_speech_emotion/Actor_02/03-01-08-01-01-02-02.wav
female-surprise,audio_speech_emotion/Actor_02/03-01-08-01-02-01-02.wav
female-surprise,audio_speech_emotion/Actor_02/03-01-08-01-02-02-02.wav
female-surprise,audio_speech_emotion/Actor_02/03-01-08-02-01-01-02.wav
female-surprise,audio_speech_emotion/Actor_02/03-01-08-02-01-02-02.wav
female-surprise,audio_speech_emotion/Actor_02/03-01-08-02-02-01-02.wav
female-surprise,audio_speech_emotion/Actor_02/03-01-08-02-02-02-02.wav
male-neutral,audio_speech_emotion/Actor_03/03-01-01-01-01-01-03.wav
male-neutral,audio_speech_emotion/Actor_03/03-01-01-01-01-02-03.wav
male-neutral,audio_speech_emotion/Actor_03/03-01-01-01-02-01-03.wav
male-neutral,audio_speech_emotion/Actor_03/03-01-01-01-02-02-03.wav
male-calm,audio_speech_emotion/Actor_03/03-01-02-01-01-01-03.wav
male-calm,audio_speech_emotion/Actor_03/03-01-02-01-01-02-03.wav
male-calm,audio_speech_emotion/Actor_03/03-01-02-01-02-01-03.wav
male-calm,audio_speech_emotion/Actor_03/03-01-02-01-02-02-03.wav
male-calm,audio_speech_emotion/Actor_03/03-01-02-02-01-01-03.wav
male-calm,audio_speech_emotion/Actor_03/03-01-02-02-01-02-03.wav
male-calm,audio_speech_emotion/Actor_03/03-01-02-02-02-01-03.wav
male-calm,audio_speech_emotion/Actor_03/03-01-02-02-02-02-03.wav
male-happy,audio_speech_emotion/Actor_03/03-01-03-01-01-01-03.wav
male-happy,audio_speech_emotion/Actor_03/03-01-03-01-01-02-03.wav
male-happy,audio_speech_emotion/Actor_03/03-01-03-01-02-01-03.wav
male-happy,audio_speech_emotion/Actor_03/03-01-03-01-02-02-03.wav
male-happy,audio_speech_emotion/Actor_03/03-01-03-02-01-01-03.wav
male-happy,audio_speech_emotion/Actor_03/03-01-03-02-01-02-03.wav
male-happy,audio_speech_emotion/Actor_03/03-01-03-02-02-01-03.wav
male-happy,audio_speech_emotion/Actor_03/03-01-03-02-02-02-03.wav
male-sad,audio_speech_emotion/Actor_03/03-01-04-01-01-01-03.wav
male-sad,audio_speech_emotion/Actor_03/03-01-04-01-01-02-03.wav
male-sad,audio_speech_emotion/Actor_03/03-01-04-01-02-01-03.wav
male-sad,audio_speech_emotion/Actor_03/03-01-04-01-02-02-03.wav
male-sad,audio_speech_emotion/Actor_03/03-01-04-02-01-01-03.wav
male-sad,audio_speech_emotion/Actor_03/03-01-04-02-01-02-03.wav
male-sad,audio_speech_emotion/Actor_03/03-01-04-02-02-01-03.wav
male-sad,audio_speech_emotion/Actor_03/03-01-04-02-02-02-03.wav
male-angry,audio_speech_emotion/Actor_03/03-01-05-01-01-01-03.wav
male-angry,audio_speech_emotion/Actor_03/03-01-05-01-01-02-03.wav
male-angry,audio_speech_emotion/Actor_03/03-01-05-01-02-01-03.wav
male-angry,audio_speech_emotion/Actor_03/03-01-05-01-02-02-03.wav
male-angry,audio_speech_emotion/Actor_03/03-01-05-02-01-01-03.wav
male-angry,audio_speech_emotion/Actor_03/03-01-05-02-01-02-03.wav
male-angry,audio_speech_emotion/Actor_03/03-01-05-02-02-01-03.wav
male-angry,audio_speech_emotion/Actor_03/03-01-05-02-02-02-03.wav
male-fear,audio_speech_emotion/Actor_03/03-01-06-01-01-01-03.wav
male-fear,audio_speech_emotion/Actor_03/03-01-06-01-01-02-03.wav
male-fear,audio_speech_emotion/Actor_03/03-01-06-01-02-01-03.wav
male-fear,audio_speech_emotion/Actor_03/03-01-06-01-02-02-03.wav
male-fear,audio_speech_emotion/Actor_03/03-01-06-02-01-01-03.wav
male-fear,audio_speech_emotion/Actor_03/03-01-06-02-01-02-03.wav
male-fear,audio_speech_emotion/Actor_03/03-01-06-02-02-01-03.wav
male-fear,audio_speech_emotion/Actor_03/03-01-06-02-02-02-03.wav
male-disgust,audio_speech_emotion/Actor_03/03-01-07-01-01-01-03.wav
male-disgust,audio_speech_emotion/Actor_03/03-01-07-01-01-02-03.wav
male-disgust,audio_speech_emotion/Actor_03/03-01-07-01-02-01-03.wav
male-disgust,audio_speech_emotion/Actor_03/03-01-07-01-02-02-03.wav
male-disgust,audio_speech_emotion/Actor_03/03-01-07-02-01-01-03.wav
male-disgust,audio_speech_emotion/Actor_03/03-01-07-02-01-02-03.wav
male-disgust,audio_speech_emotion/Actor_03/03-01-07-02-02-01-03.wav
male-disgust,audio_speech_emotion/Actor_03/03-01-07-02-02-02-03.wav
male-surprise,audio_speech_emotion/Actor_03/03-01-08-01-01-01-03.wav
male-surprise,audio_speech_emotion/Actor_03/03-01-08-01-01-02-03.wav
male-surprise,audio_speech_emotion/Actor_03/03-01-08-01-02-01-03.wav
male-surprise,audio_speech_emotion/Actor_03/03-01-08-01-02-02-03.wav
male-surprise,audio_speech_emotion/Actor_03/03-01-08-02-01-01-03.wav
male-surprise,audio_speech_emotion/Actor_03/03-01-08-02-01-02-03.wav
male-surprise,audio_speech_emotion/Actor_03/03-01-08-02-02-01-03.wav
male-surprise,audio_speech_emotion/Actor_03/03-01-08-02-02-02-03.wav
female-neutral,audio_speech_emotion/Actor_04/03-01-01-01-01-01-04.wav
female-neutral,audio_speech_emotion/Actor_04/03-01-01-01-01-02-04.wav
female-neutral,audio_speech_emotion/Actor_04/03-01-01-01-02-01-04.wav
female-neutral,audio_speech_emotion/Actor_04/03-01-01-01-02-02-04.wav
female-calm,audio_speech_emotion/Actor_04/03-01-02-01-01-01-04.wav
female-calm,audio_speech_emotion/Actor_04/03-01-02-01-01-02-04.wav
female-calm,audio_speech_emotion/Actor_04/03-01-02-01-02-01-04.wav
female-calm,audio_speech_emotion/Actor_04/03-01-02-01-02-02-04.wav
female-calm,audio_speech_emotion/Actor_04/03-01-02-02-01-01-04.wav
female-calm,audio_speech_emotion/Actor_04/03-01-02-02-01-02-04.wav
female-calm,audio_speech_emotion/Actor_04/03-01-02-02-02-01-04.wav
female-calm,audio_speech_emotion/Actor_04/03-01-02-02-02-02-04.wav
female-happy,audio_speech_emotion/Actor_04/03-01-03-01-01-01-04.wav
female-happy,audio_speech_emotion/Actor_04/03-01-03-01-01-02-04.wav
female-happy,audio_speech_emotion/Actor_04/03-01-03-01-02-01-04.wav
female-happy,audio_speech_emotion/Actor_04/03-01-03-01-02-02-04.wav
female-happy,audio_speech_emotion/Actor_04/03-01-03-02-01-01-04.wav
female-happy,audio_speech_emotion/Actor_04/03-01-03-02-01-02-04.wav
female-happy,audio_speech_emotion/Actor_04/03-01-03-02-02-01-04.wav
female-happy,audio_speech_emotion/Actor_04/03-01-03-02-02-02-04.wav
female-sad,audio_speech_emotion/Actor_04/03-01-04-01-01-01-04.wav
female-sad,audio_speech_emotion/Actor_04/03-01-04-01-01-02-04.wav
female-sad,audio_speech_emotion/Actor_04/03-01-04-01-02-01-04.wav
female-sad,audio_speech_emotion/Actor_04/03-01-04-01-02-02-04.wav
female-sad,audio_speech_emotion/Actor_04/03-01-04-02-01-01-04.wav
female-sad,audio_speech_emotion/Actor_04/03-01-04-02-01-02-04.wav
female-sad,audio_speech_emotion/Actor_04/03-01-04-02-02-01-04.wav
female-sad,audio_speech_emotion/Actor_04/03-01-04-02-02-02-04.wav
female-angry,audio_speech_emotion/Actor_04/03-01-05-01-01-01-04.wav
female-angry,audio_speech_emotion/Actor_04/03-01-05-01-01-02-04.wav
female-angry,audio_speech_emotion/Actor_04/03-01-05-01-02-01-04.wav
female-angry,audio_speech_emotion/Actor_04/03-01-05-01-02-02-04.wav
female-angry,audio_speech_emotion/Actor_04/03-01-05-02-01-01-04.wav
female-angry,audio_speech_emotion/Actor_04/03-01-05-02-01-02-04.wav
female-angry,audio_speech_emotion/Actor_04/03-01-05-02-02-01-04.wav
female-angry,audio_speech_emotion/Actor_04/03-01-05-02-02-02-04.wav
female-fear,audio_speech_emotion/Actor_04/03-01-06-01-01-01-04.wav
female-fear,audio_speech_emotion/Actor_04/03-01-06-01-01-02-04.wav
female-fear,audio_speech_emotion/Actor_04/03-01-06-01-02-01-04.wav
female-fear,audio_speech_emotion/Actor_04/03-01-06-01-02-02-04.wav
female-fear,audio_speech_emotion/Actor_04/03-01-06-02-01-01-04.wav
female-fear,audio_speech_emotion/Actor_04/03-01-06-02-01-02-04.wav
female-fear,audio_speech_emotion/Actor_04/03-01-06-02-02-01-04.wav
female-fear,audio_speech_emotion/Actor_04/03-01-06-02-02-02-04.wav
female-disgust,audio_speech_emotion/Actor_04/03-01-07-01-01-01-04.wav
female-disgust,audio_speech_emotion/Actor_04/03-01-07-01-01-02-04.wav
female-disgust,audio_speech_emotion/Actor_04/03-01-07-01-02-01-04.wav
female-disgust,audio_speech_emotion/Actor_04/03-01-07-01-02-02-04.wav
female-disgust,audio_speech_emotion/Actor_04/03-01-07-02-01-01-04.wav
female-disgust,audio_speech_emotion/Actor_04/03-01-07-02-01-02-04.wav
female-disgust,audio_speech_emotion/Actor_04/03-01-07-02-02-01-04.wav
female-disgust,audio_speech_emotion/Actor_04/03-01-07-02-02-02-04.wav
female-surprise,audio_speech_emotion/Actor_04/03-01-08-01-01-01-04.wav
female-surprise,audio_speech_emotion/Actor_04/03-01-08-01-01-02-04.wav
female-surprise,audio_speech_emotion/Actor_04/03-01-08-01-02-01-04.wav
female-surprise,audio_speech_emotion/Actor_04/03-01-08-01-02-02-04.wav
female-surprise,audio_speech_emotion/Actor_04/03-01-08-02-01-01-04.wav
female-surprise,audio_speech_emotion/Actor_04/03-01-08-02-01-02-04.wav
female-surprise,audio_speech_emotion/Actor_04/03-01-08-02-02-01-04.wav
female-surprise,audio_speech_emotion/Actor_04/03-01-08-02-02-02-04.wav
male-neutral,audio_speech_emotion/Actor_05/03-01-01-01-01-01-05.wav
male-neutral,audio_speech_emotion/Actor_05/03-01-01-01-01-02-05.wav
male-neutral,audio_speech_emotion/Actor_05/03-01-01-01-02-01-05.wav
male-neutral,audio_speech_emotion/Actor_05/03-01-01-01-02-02-05.wav
male-calm,audio_speech_emotion/Actor_05/03-01-02-01-01-01-05.wav
male-calm,audio_speech_emotion/Actor_05/03-01-02-01-01-02-05.wav
male-calm,audio_speech_emotion/Actor_05/03-01-02-01-02-01-05.wav
male-calm,audio_speech_emotion/Actor_05/03-01-02-01-02-02-05.wav
male-calm,audio_speech_emotion/Actor_05/03-01-02-02-01-01-05.wav
male-calm,audio_speech_emotion/Actor_05/03-01-02-02-01-02-05.wav
male-calm,audio_speech_emotion/Actor_05/03-01-02-02-02-01-05.wav
male-calm,audio_speech_emotion/Actor_05/03-01-02-02-02-02-05.wav
male-happy,audio_speech_emotion/Actor_05/03-01-03-01-01-01-05.wav
male-happy,audio_speech_emotion/Actor_05/03-01-03-01-01-02-05.wav
male-happy,audio_speech_emotion/Actor_05/03-01-03-01-02-01-05.wav
male-happy,audio_speech_emotion/Actor_05/03-01-03-01-02-02-05.wav
male-happy,audio_speech_emotion/Actor_05/03-01-03-02-01-01-05.wav
male-happy,audio_speech_emotion/Actor_05/03-01-03-02-01-02-05.wav
male-happy,audio_speech_emotion/Actor_05/03-01-03-02-02-01-05.wav
male-happy,audio_speech_emotion/Actor_05/03-01-03-02-02-02-05.wav
male-sad,audio_speech_emotion/Actor_05/03-01-04-01-01-01-05.wav
male-sad,audio_speech_emotion/Actor_05/03-01-04-01-01-02-05.wav
male-sad,audio_speech_emotion/Actor_05/03-01-04-01-02-01-05.wav
male-sad,audio_speech_emotion/Actor_05/03-01-04-01-02-02-05.wav
male-sad,audio_speech_emotion/Actor_05/03-01-04-02-01-01-05.wav
male-sad,audio_speech_emotion/Actor_05/03-01-04-02-01-02-05.wav
male-sad,audio_speech_emotion/Actor_05/03-01-04-02-02-01-05.wav
male-sad,audio_speech_emotion/Actor_05/03-01-04-02-02-02-05.wav
male-angry,audio_speech_emotion/Actor_05/03-01-05-01-01-01-05.wav
male-angry,audio_speech_emotion/Actor_05/03-01-05-01-01-02-05.wav
male-angry,audio_speech_emotion/Actor_05/03-01-05-01-02-01-05.wav
male-angry,audio_speech_emotion/Actor_05/03-01-05-01-02-02-05.wav
male-angry,audio_speech_emotion/Actor_05/03-01-05-02-01-01-05.wav
male-angry,audio_speech_emotion/Actor_05/03-01-05-02-01-02-05.wav
male-angry,audio_speech_emotion/Actor_05/03-01-05-02-02-01-05.wav
male-angry,audio_speech_emotion/Actor_05/03-01-05-02-02-02-05.wav
male-fear,audio_speech_emotion/Actor_05/03-01-06-01-01-01-05.wav
male-fear,audio_speech_emotion/Actor_05/03-01-06-01-01-02-05.wav
male-fear,audio_speech_emotion/Actor_05/03-01-06-01-02-01-05.wav
male-fear,audio_speech_emotion/Actor_05/03-01-06-01-02-02-05.wav
male-fear,audio_speech_emotion/Actor_05/03-01-06-02-01-01-05.wav
male-fear,audio_speech_emotion/Actor_05/03-01-06-02-01-02-05.wav
male-fear,audio_speech_emotion/Actor_05/03-01-06-02-02-01-05.wav
male-fear,audio_speech_emotion/Actor_05/03-01-06-02-02-02-05.wav
male-disgust,audio_speech_emotion/Actor_05/03-01-07-01-01-01-05.wav
male-disgust,audio_speech_emotion/Actor_05/03-01-07-01-01-02-05.wav
male-disgust,audio_speech_emotion/Actor_05/03-01-07-01-02-01-05.wav
male-disgust,audio_speech_emotion/Actor_05/03-01-07-01-02-02-05.wav
male-disgust,audio_speech_emotion/Actor_05/03-01-07-02-01-01-05.wav
male-disgust,audio_speech_emotion/Actor_05/03-01-07-02-01-02-05.wav
male-disgust,audio_speech_emotion/Actor_05/03-01-07-02-02-01-05.wav
male-disgust,audio_speech_emotion/Actor_05/03-01-07-02-02-02-05.wav
male-surprise,audio_speech_emotion/Actor_05/03-01-08-01-01-01-05.wav
male-surprise,audio_speech_emotion/Actor_05/03-01-08-01-01-02-05.wav
male-surprise,audio_speech_emotion/Actor_05/03-01-08-01-02-01-05.wav
male-surprise,audio_speech_emotion/Actor_05/03-01-08-01-02-02-05.wav
male-surprise,audio_speech_emotion/Actor_05/03-01-08-02-01-01-05.wav
male-surprise,audio_speech_emotion/Actor_05/03-01-08-02-01-02-05.wav
male-surprise,audio_speech_emotion/Actor_05/03-01-08-02-02-01-05.wav
male-surprise,audio_speech_emotion/Actor_05/03-01-08-02-02-02-05.wav
female-neutral,audio_speech_emotion/Actor_06/03-01-01-01-01-01-06.wav
female-neutral,audio_speech_emotion/Actor_06/03-01-01-01-01-02-06.wav
female-neutral,audio_speech_emotion/Actor_06/03-01-01-01-02-01-06.wav
female-neutral,audio_speech_emotion/Actor_06/03-01-01-01-02-02-06.wav
female-calm,audio_speech_emotion/Actor_06/03-01-02-01-01-01-06.wav
female-calm,audio_speech_emotion/Actor_06/03-01-02-01-01-02-06.wav
female-calm,audio_speech_emotion/Actor_06/03-01-02-01-02-01-06.wav
female-calm,audio_speech_emotion/Actor_06/03-01-02-01-02-02-06.wav
female-calm,audio_speech_emotion/Actor_06/03-01-02-02-01-01-06.wav
female-calm,audio_speech_emotion/Actor_06/03-01-02-02-01-02-06.wav
female-calm,audio_speech_emotion/Actor_06/03-01-02-02-02-01-06.wav
female-calm,audio_speech_emotion/Actor_06/03-01-02-02-02-02-06.wav
female-happy,audio_speech_emotion/Actor_06/03-01-03-01-01-01-06.wav
female-happy,audio_speech_emotion/Actor_06/03-01-03-01-01-02-06.wav
female-happy,audio_speech_emotion/Actor_06/03-01-03-01-02-01-06.wav
female-happy,audio_speech_emotion/Actor_06/03-01-03-01-02-02-06.wav
female-happy,audio_speech_emotion/Actor_06/03-01-03-02-01-01-06.wav
female-happy,audio_speech_emotion/Actor_06/03-01-03-02-01-02-06.wav
female-happy,audio_speech_emotion/Actor_06/03-01-03-02-02-01-06.wav
female-happy,audio_speech_emotion/Actor_06/03-01-03-02-02-02-06.wav
female-sad,audio_speech_emotion/Actor_06/03-01-04-01-01-01-06.wav
female-sad,audio_speech_emotion/Actor_06/03-01-04-01-01-02-06.wav
female-sad,audio_speech_emotion/Actor_06/03-01-04-01-02-01-06.wav
female-sad,audio_speech_emotion/Actor_06/03-01-04-01-02-02-06.wav
female-sad,audio_speech_emotion/Actor_06/03-01-04-02-01-01-06.wav
female-sad,audio_speech_emotion/Actor_06/03-01-04-02-01-02-06.wav
female-sad,audio_speech_emotion/Actor_06/03-01-04-02-02-01-06.wav
female-sad,audio_speech_emotion/Actor_06/03-01-04-02-02-02-06.wav
female-angry,audio_speech_emotion/Actor_06/03-01-05-01-01-01-06.wav
female-angry,audio_speech_emotion/Actor_06/03-01-05-01-01-02-06.wav
female-angry,audio_speech_emotion/Actor_06/03-01-05-01-02-01-06.wav
female-angry,audio_speech_emotion/Actor_06/03-01-05-01-02-02-06.wav
female-angry,audio_speech_emotion/Actor_06/03-01-05-02-01-01-06.wav
female-angry,audio_speech_emotion/Actor_06/03-01-05-02-01-02-06.wav
female-angry,audio_speech_emotion/Actor_06/03-01-05-02-02-01-06.wav
female-angry,audio_speech_emotion/Actor_06/03-01-05-02-02-02-06.wav
female-fear,audio_speech_emotion/Actor_06/03-01-06-01-01-01-06.wav
female-fear,audio_speech_emotion/Actor_06/03-01-06-01-01-02-06.wav
female-fear,audio_speech_emotion/Actor_06/03-01-06-01-02-01-06.wav
female-fear,audio_speech_emotion/Actor_06/03-01-06-01-02-02-06.wav
female-fear,audio_speech_emotion/Actor_06/03-01-06-02-01-01-06.wav
female-fear,audio_speech_emotion/Actor_06/03-01-06-02-01-02-06.wav
female-fear,audio_speech_emotion/Actor_06/03-01-06-02-02-01-06.wav
female-fear,audio_speech_emotion/Actor_06/03-01-06-02-02-02-06.wav
female-disgust,audio_speech_emotion/Actor_06/03-01-07-01-01-01-06.wav
female-disgust,audio_speech_emotion/Actor_06/03-01-07-01-01-02-06.wav
female-disgust,audio_speech_emotion/Actor_06/03-01-07-01-02-01-06.wav
female-disgust,audio_speech_emotion/Actor_06/03-01-07-01-02-02-06.wav
female-disgust,audio_speech_emotion/Actor_06/03-01-07-02-01-01-06.wav
female-disgust,audio_speech_emotion/Actor_06/03-01-07-02-01-02-06.wav
female-disgust,audio_speech_emotion/Actor_06/03-01-07-02-02-01-06.wav
female-disgust,audio_speech_emotion/Actor_06/03-01-07-02-02-02-06.wav
female-surprise,audio_speech_emotion/Actor_06/03-01-08-01-01-01-06.wav
female-surprise,audio_speech_emotion/Actor_06/03-01-08-01-01-02-06.wav
female-surprise,audio_speech_emotion/Actor_06/03-01-08-01-02-01-06.wav
female-surprise,audio_speech_emotion/Actor_06/03-01-08-01-02-02-06.wav
female-surprise,audio_speech_emotion/Actor_06/03-01-08-02-01-01-06.wav
female-surprise,audio_speech_emotion/Actor_06/03-01-08-02-01-02-06.wav
female-surprise,audio_speech_emotion/Actor_06/03-01-08-02-02-01-06.wav
female-surprise,audio_speech_emotion/Actor_06/03-01-08-02-02-02-06.wav
male-neutral,audio_speech_emotion/Actor_07/03-01-01-01-01-01-07.wav
male-neutral,audio_speech_emotion/Actor_07/03-01-01-01-01-02-07.wav
male-neutral,audio_speech_emotion/Actor_07/03-01-01-01-02-01-07.wav
male-neutral,audio_speech_emotion/Actor_07/03-01-01-01-02-02-07.wav
male-calm,audio_speech_emotion/Actor_07/03-01-02-01-01-01-07.wav
male-calm,audio_speech_emotion/Actor_07/03-01-02-01-01-02-07.wav
male-calm,audio_speech_emotion/Actor_07/03-01-02-01-02-01-07.wav
male-calm,audio_speech_emotion/Actor_07/03-01-02-01-02-02-07.wav
male-calm,audio_speech_emotion/Actor_07/03-01-02-02-01-01-07.wav
male-calm,audio_speech_emotion/Actor_07/03-01-02-02-01-02-07.wav
male-calm,audio_speech_emotion/Actor_07/03-01-02-02-02-01-07.wav
male-calm,audio_speech_emotion/Actor_07/03-01-02-02-02-02-07.wav
male-happy,audio_speech_emotion/Actor_07/03-01-03-01-01-01-07.wav
male-happy,audio_speech_emotion/Actor_07/03-01-03-01-01-02-07.wav
male-happy,audio_speech_emotion/Actor_07/03-01-03-01-02-01-07.wav
male-happy,audio_speech_emotion/Actor_07/03-01-03-01-02-02-07.wav
male-happy,audio_speech_emotion/Actor_07/03-01-03-02-01-01-07.wav
male-happy,audio_speech_emotion/Actor_07/03-01-03-02-01-02-07.wav
male-happy,audio_speech_emotion/Actor_07/03-01-03-02-02-01-07.wav
male-happy,audio_speech_emotion/Actor_07/03-01-03-02-02-02-07.wav
male-sad,audio_speech_emotion/Actor_07/03-01-04-01-01-01-07.wav
male-sad,audio_speech_emotion/Actor_07/03-01-04-01-01-02-07.wav
male-sad,audio_speech_emotion/Actor_07/03-01-04-01-02-01-07.wav
male-sad,audio_speech_emotion/Actor_07/03-01-04-01-02-02-07.wav
male-sad,audio_speech_emotion/Actor_07/03-01-04-02-01-01-07.wav
male-sad,audio_speech_emotion/Actor_07/03-01-04-02-01-02-07.wav
male-sad,audio_speech_emotion/Actor_07/03-01-04-02-02-01-07.wav
male-sad,audio_speech_emotion/Actor_07/03-01-04-02-02-02-07.wav
male-angry,audio_speech_emotion/Actor_07/03-01-05-01-01-01-07.wav
male-angry,audio_speech_emotion/Actor_07/03-01-05-01-01-02-07.wav
male-angry,audio_speech_emotion/Actor_07/03-01-05-01-02-01-07.wav
male-angry,audio_speech_emotion/Actor_07/03-01-05-01-02-02-07.wav
male-angry,audio_speech_emotion/Actor_07/03-01-05-02-01-01-07.wav
male-angry,audio_speech_emotion/Actor_07/03-01-05-02-01-02-07.wav
male-angry,audio_speech_emotion/Actor_07/03-01-05-02-02-01-07.wav
male-angry,audio_speech_emotion/Actor_07/03-01-05-02-02-02-07.wav
male-fear,audio_speech_emotion/Actor_07/03-01-06-01-01-01-07.wav
male-fear,audio_speech_emotion/Actor_07/03-01-06-01-01-02-07.wav
male-fear,audio_speech_emotion/Actor_07/03-01-06-01-02-01-07.wav
male-fear,audio_speech_emotion/Actor_07/03-01-06-01-02-02-07.wav
male-fear,audio_speech_emotion/Actor_07/03-01-06-02-01-01-07.wav
male-fear,audio_speech_emotion/Actor_07/03-01-06-02-01-02-07.wav
male-fear,audio_speech_emotion/Actor_07/03-01-06-02-02-01-07.wav
male-fear,audio_speech_emotion/Actor_07/03-01-06-02-02-02-07.wav
male-disgust,audio_speech_emotion/Actor_07/03-01-07-01-01-01-07.wav
male-disgust,audio_speech_emotion/Actor_07/03-01-07-01-01-02-07.wav
male-disgust,audio_speech_emotion/Actor_07/03-01-07-01-02-01-07.wav
male-disgust,audio_speech_emotion/Actor_07/03-01-07-01-02-02-07.wav
male-disgust,audio_speech_emotion/Actor_07/03-01-07-02-01-01-07.wav
male-disgust,audio_speech_emotion/Actor_07/03-01-07-02-01-02-07.wav
male-disgust,audio_speech_emotion/Actor_07/03-01-07-02-02-01-07.wav
male-disgust,audio_speech_emotion/Actor_07/03-01-07-02-02-02-07.wav
male-surprise,audio_speech_emotion/Actor_07/03-01-08-01-01-01-07.wav
male-surprise,audio_speech_emotion/Actor_07/03-01-08-01-01-02-07.wav
male-surprise,audio_speech_emotion/Actor_07/03-01-08-01-02-01-07.wav
male-surprise,audio_speech_emotion/Actor_07/03-01-08-01-02-02-07.wav
male-surprise,audio_speech_emotion/Actor_07/03-01-08-02-01-01-07.wav
male-surprise,audio_speech_emotion/Actor_07/03-01-08-02-01-02-07.wav
male-surprise,audio_speech_emotion/Actor_07/03-01-08-02-02-01-07.wav
male-surprise,audio_speech_emotion/Actor_07/03-01-08-02-02-02-07.wav
female-neutral,audio_speech_emotion/Actor_08/03-01-01-01-01-01-08.wav
female-neutral,audio_speech_emotion/Actor_08/03-01-01-01-01-02-08.wav
female-neutral,audio_speech_emotion/Actor_08/03-01-01-01-02-01-08.wav
female-neutral,audio_speech_emotion/Actor_08/03-01-01-01-02-02-08.wav
female-calm,audio_speech_emotion/Actor_08/03-01-02-01-01-01-08.wav
female-calm,audio_speech_emotion/Actor_08/03-01-02-01-01-02-08.wav
female-calm,audio_speech_emotion/Actor_08/03-01-02-01-02-01-08.wav
female-calm,audio_speech_emotion/Actor_08/03-01-02-01-02-02-08.wav
female-calm,audio_speech_emotion/Actor_08/03-01-02-02-01-01-08.wav
female-calm,audio_speech_emotion/Actor_08/03-01-02-02-01-02-08.wav
female-calm,audio_speech_emotion/Actor_08/03-01-02-02-02-01-08.wav
female-calm,audio_speech_emotion/Actor_08/03-01-02-02-02-02-08.wav
female-happy,audio_speech_emotion/Actor_08/03-01-03-01-01-01-08.wav
female-happy,audio_speech_emotion/Actor_08/03-01-03-01-01-02-08.wav
female-happy,audio_speech_emotion/Actor_08/03-01-03-01-02-01-08.wav
female-happy,audio_speech_emotion/Actor_08/03-01-03-01-02-02-08.wav
female-happy,audio_speech_emotion/Actor_08/03-01-03-02-01-01-08.wav
female-happy,audio_speech_emotion/Actor_08/03-01-03-02-01-02-08.wav
female-happy,audio_speech_emotion/Actor_08/03-01-03-02-02-01-08.wav
female-happy,audio_speech_emotion/Actor_08/03-01-03-02-02-02-08.wav
female-sad,audio_speech_emotion/Actor_08/03-01-04-01-01-01-08.wav
female-sad,audio_speech_emotion/Actor_08/03-01-04-01-01-02-08.wav
female-sad,audio_speech_emotion/Actor_08/03-01-04-01-02-01-08.wav
female-sad,audio_speech_emotion/Actor_08/03-01-04-01-02-02-08.wav
female-sad,audio_speech_emotion/Actor_08/03-01-04-02-01-01-08.wav
female-sad,audio_speech_emotion/Actor_08/03-01-04-02-01-02-08.wav
female-sad,audio_speech_emotion/Actor_08/03-01-04-02-02-01-08.wav
female-sad,audio_speech_emotion/Actor_08/03-01-04-02-02-02-08.wav
female-angry,audio_speech_emotion/Actor_08/03-01-05-01-01-01-08.wav
female-angry,audio_speech_emotion/Actor_08/03-01-05-01-01-02-08.wav
female-angry,audio_speech_emotion/Actor_08/03-01-05-01-02-01-08.wav
female-angry,audio_speech_emotion/Actor_08/03-01-05-01-02-02-08.wav
female-angry,audio_speech_emotion/Actor_08/03-01-05-02-01-01-08.wav
female-angry,audio_speech_emotion/Actor_08/03-01-05-02-01-02-08.wav
female-angry,audio_speech_emotion/Actor_08/03-01-05-02-02-01-08.wav
female-angry,audio_speech_emotion/Actor_08/03-01-05-02-02-02-08.wav
female-fear,audio_speech_emotion/Actor_08/03-01-06-01-01-01-08.wav
female-fear,audio_speech_emotion/Actor_08/03-01-06-01-01-02-08.wav
female-fear,audio_speech_emotion/Actor_08/03-01-06-01-02-01-08.wav
female-fear,audio_speech_emotion/Actor_08/03-01-06-01-02-02-08.wav
female-fear,audio_speech_emotion/Actor_08/03-01-06-02-01-01-08.wav
female-fear,audio_speech_emotion/Actor_08/03-01-06-02-01-02-08.wav
female-fear,audio_speech_emotion/Actor_08/03-01-06-02-02-01-08.wav
female-fear,audio_speech_emotion/Actor_08/03-01-06-02-02-02-08.wav
female-disgust,audio_speech_emotion/Actor_08/03-01-07-01-01-01-08.wav
female-disgust,audio_speech_emotion/Actor_08/03-01-07-01-01-02-08.wav
female-disgust,audio_speech_emotion/Actor_08/03-01-07-01-02-01-08.wav
female-disgust,audio_speech_emotion/Actor_08/03-01-07-01-02-02-08.wav
female-disgust,audio_speech_emotion/Actor_08/03-01-07-02-01-01-08.wav
female-disgust,audio_speech_emotion/Actor_08/03-01-07-02-01-02-08.wav
female-disgust,audio_speech_emotion/Actor_08/03-01-07-02-02-01-08.wav
female-disgust,audio_speech_emotion/Actor_08/03-01-07-02-02-02-08.wav
female-surprise,audio_speech_emotion/Actor_08/03-01-08-01-01-01-08.wav
female-surprise,audio_speech_emotion/Actor_08/03-01-08-01-01-02-08.wav
female-surprise,audio_speech_emotion/Actor_08/03-01-08-01-02-01-08.wav
female-surprise,audio_speech_emotion/Actor_08/03-01-08-01-02-02-08.wav
female-surprise,audio_speech_emotion/Actor_08/03-01-08-02-01-01-08.wav
female-surprise,audio_speech_emotion/Actor_08/03-01-08-02-01-02-08.wav
female-surprise,audio_speech_emotion/Actor_08/03-01-08-02-02-01-08.wav
female-surprise,audio_speech_emotion/Actor_08/03-01-08-02-02-02-08.wav
male-neutral,audio_speech_emotion/Actor_09/03-01-01-01-01-01-09.wav
male-neutral,audio_speech_emotion/Actor_09/03-01-01-01-01-02-09.wav
male-neutral,audio_speech_emotion/Actor_09/03-01-01-01-02-01-09.wav
male-neutral,audio_speech_emotion/Actor_09/03-01-01-01-02-02-09.wav
male-calm,audio_speech_emotion/Actor_09/03-01-02-01-01-01-09.wav
male-calm,audio_speech_emotion/Actor_09/03-01-02-01-01-02-09.wav
male-calm,audio_speech_emotion/Actor_09/03-01-02-01-02-01-09.wav
male-calm,audio_speech_emotion/Actor_09/03-01-02-01-02-02-09.wav
male-calm,audio_speech_emotion/Actor_09/03-01-02-02-01-01-09.wav
male-calm,audio_speech_emotion/Actor_09/03-01-02-02-01-02-09.wav
male-calm,audio_speech_emotion/Actor_09/03-01-02-02-02-01-09.wav
male-calm,audio_speech_emotion/Actor_09/03-01-02-02-02-02-09.wav
male-happy,audio_speech_emotion/Actor_09/03-01-03-01-01-01-09.wav
male-happy,audio_speech_emotion/Actor_09/03-01-03-01-01-02-09.wav
male-happy,audio_speech_emotion/Actor_09/03-01-03-01-02-01-09.wav
male-happy,audio_speech_emotion/Actor_09/03-01-03-01-02-02-09.wav
male-happy,audio_speech_emotion/Actor_09/03-01-03-02-01-01-09.wav
male-happy,audio_speech_emotion/Actor_09/03-01-03-02-01-02-09.wav
male-happy,audio_speech_emotion/Actor_09/03-01-03-02-02-01-09.wav
male-happy,audio_speech_emotion/Actor_09/03-01-03-02-02-02-09.wav
male-sad,audio_speech_emotion/Actor_09/03-01-04-01-01-01-09.wav
male-sad,audio_speech_emotion/Actor_09/03-01-04-01-01-02-09.wav
male-sad,audio_speech_emotion/Actor_09/03-01-04-01-02-01-09.wav
male-sad,audio_speech_emotion/Actor_09/03-01-04-01-02-02-09.wav
male-sad,audio_speech_emotion/Actor_09/03-01-04-02-01-01-09.wav
male-sad,audio_speech_emotion/Actor_09/03-01-04-02-01-02-09.wav
male-sad,audio_speech_emotion/Actor_09/03-01-04-02-02-01-09.wav
male-sad,audio_speech_emotion/Actor_09/03-01-04-02-02-02-09.wav
male-angry,audio_speech_emotion/Actor_09/03-01-05-01-01-01-09.wav
male-angry,audio_speech_emotion/Actor_09/03-01-05-01-01-02-09.wav
male-angry,audio_speech_emotion/Actor_09/03-01-05-01-02-01-09.wav
male-angry,audio_speech_emotion/Actor_09/03-01-05-01-02-02-09.wav
male-angry,audio_speech_emotion/Actor_09/03-01-05-02-01-01-09.wav
male-angry,audio_speech_emotion/Actor_09/03-01-05-02-01-02-09.wav
male-angry,audio_speech_emotion/Actor_09/03-01-05-02-02-01-09.wav
male-angry,audio_speech_emotion/Actor_09/03-01-05-02-02-02-09.wav
male-fear,audio_speech_emotion/Actor_09/03-01-06-01-01-01-09.wav
male-fear,audio_speech_emotion/Actor_09/03-01-06-01-01-02-09.wav
male-fear,audio_speech_emotion/Actor_09/03-01-06-01-02-01-09.wav
male-fear,audio_speech_emotion/Actor_09/03-01-06-01-02-02-09.wav
male-fear,audio_speech_emotion/Actor_09/03-01-06-02-01-01-09.wav
male-fear,audio_speech_emotion/Actor_09/03-01-06-02-01-02-09.wav
male-fear,audio_speech_emotion/Actor_09/03-01-06-02-02-01-09.wav
male-fear,audio_speech_emotion/Actor_09/03-01-06-02-02-02-09.wav
male-disgust,audio_speech_emotion/Actor_09/03-01-07-01-01-01-09.wav
male-disgust,audio_speech_emotion/Actor_09/03-01-07-01-01-02-09.wav
male-disgust,audio_speech_emotion/Actor_09/03-01-07-01-02-01-09.wav
male-disgust,audio_speech_emotion/Actor_09/03-01-07-01-02-02-09.wav
male-disgust,audio_speech_emotion/Actor_09/03-01-07-02-01-01-09.wav
male-disgust,audio_speech_emotion/Actor_09/03-01-07-02-01-02-09.wav
male-disgust,audio_speech_emotion/Actor_09/03-01-07-02-02-01-09.wav
male-disgust,audio_speech_emotion/Actor_09/03-01-07-02-02-02-09.wav
male-surprise,audio_speech_emotion/Actor_09/03-01-08-01-01-01-09.wav
male-surprise,audio_speech_emotion/Actor_09/03-01-08-01-01-02-09.wav
male-surprise,audio_speech_emotion/Actor_09/03-01-08-01-02-01-09.wav
male-surprise,audio_speech_emotion/Actor_09/03-01-08-01-02-02-09.wav
male-surprise,audio_speech_emotion/Actor_09/03-01-08-02-01-01-09.wav
male-surprise,audio_speech_emotion/Actor_09/03-01-08-02-01-02-09.wav
male-surprise,audio_speech_emotion/Actor_09/03-01-08-02-02-01-09.wav
male-surprise,audio_speech_emotion/Actor_09/03-01-08-02-02-02-09.wav
female-neutral,audio_speech_emotion/Actor_10/03-01-01-01-01-01-10.wav
female-neutral,audio_speech_emotion/Actor_10/03-01-01-01-01-02-10.wav
female-neutral,audio_speech_emotion/Actor_10/03-01-01-01-02-01-10.wav
female-neutral,audio_speech_emotion/Actor_10/03-01-01-01-02-02-10.wav
female-calm,audio_speech_emotion/Actor_10/03-01-02-01-01-01-10.wav
female-calm,audio_speech_emotion/Actor_10/03-01-02-01-01-02-10.wav
female-calm,audio_speech_emotion/Actor_10/03-01-02-01-02-01-10.wav
female-calm,audio_speech_emotion/Actor_10/03-01-02-01-02-02-10.wav
female-calm,audio_speech_emotion/Actor_10/03-01-02-02-01-01-10.wav
female-calm,audio_speech_emotion/Actor_10/03-01-02-02-01-02-10.wav
female-calm,audio_speech_emotion/Actor_10/03-01-02-02-02-01-10.wav
female-calm,audio_speech_emotion/Actor_10/03-01-02-02-02-02-10.wav
female-happy,audio_speech_emotion/Actor_10/03-01-03-01-01-01-10.wav
female-happy,audio_speech_emotion/Actor_10/03-01-03-01-01-02-10.wav
female-happy,audio_speech_emotion/Actor_10/03-01-03-01-02-01-10.wav
female-happy,audio_speech_emotion/Actor_10/03-01-03-01-02-02-10.wav
female-happy,audio_speech_emotion/Actor_10/03-01-03-02-01-01-10.wav
female-happy,audio_speech_emotion/Actor_10/03-01-03-02-01-02-10.wav
female-happy,audio_speech_emotion/Actor_10/03-01-03-02-02-01-10.wav
female-happy,audio_speech_emotion/Actor_10/03-01-03-02-02-02-10.wav
female-sad,audio_speech_emotion/Actor_10/03-01-04-01-01-01-10.wav
female-sad,audio_speech_emotion/Actor_10/03-01-04-01-01-02-10.wav
female-sad,audio_speech_emotion/Actor_10/03-01-04-01-02-01-10.wav
female-sad,audio_speech_emotion/Actor_10/03-01-04-01-02-02-10.wav
female-sad,audio_speech_emotion/Actor_10/03-01-04-02-01-01-10.wav
female-sad,audio_speech_emotion/Actor_10/03-01-04-02-01-02-10.wav
female-sad,audio_speech_emotion/Actor_10/03-01-04-02-02-01-10.wav
female-sad,audio_speech_emotion/Actor_10/03-01-04-02-02-02-10.wav
female-angry,audio_speech_emotion/Actor_10/03-01-05-01-01-01-10.wav
female-angry,audio_speech_emotion/Actor_10/03-01-05-01-01-02-10.wav
female-angry,audio_speech_emotion/Actor_10/03-01-05-01-02-01-10.wav
female-angry,audio_speech_emotion/Actor_10/03-01-05-01-02-02-10.wav
female-angry,audio_speech_emotion/Actor_10/03-01-05-02-01-01-10.wav
female-angry,audio_speech_emotion/Actor_10/03-01-05-02-01-02-10.wav
female-angry,audio_speech_emotion/Actor_10/03-01-05-02-02-01-10.wav
female-angry,audio_speech_emotion/Actor_10/03-01-05-02-02-02-10.wav
female-fear,audio_speech_emotion/Actor_10/03-01-06-01-01-01-10.wav
female-fear,audio_speech_emotion/Actor_10/03-01-06-01-01-02-10.wav
female-fear,audio_speech_emotion/Actor_10/03-01-06-01-02-01-10.wav
female-fear,audio_speech_emotion/Actor_10/03-01-06-01-02-02-10.wav
female-fear,audio_speech_emotion/Actor_10/03-01-06-02-01-01-10.wav
female-fear,audio_speech_emotion/Actor_10/03-01-06-02-01-02-10.wav
female-fear,audio_speech_emotion/Actor_10/03-01-06-02-02-01-10.wav
female-fear,audio_speech_emotion/Actor_10/03-01-06-02-02-02-10.wav
female-disgust,audio_speech_emotion/Actor_10/03-01-07-01-01-01-10.wav
female-disgust,audio_speech_emotion/Actor_10/03-01-07-01-01-02-10.wav
female-disgust,audio_speech_emotion/Actor_10/03-01-07-01-02-01-10.wav
female-disgust,audio_speech_emotion/Actor_10/03-01-07-01-02-02-10.wav
female-disgust,audio_speech_emotion/Actor_10/03-01-07-02-01-01-10.wav
female-disgust,audio_speech_emotion/Actor_10/03-01-07-02-01-02-10.wav
female-disgust,audio_speech_emotion/Actor_10/03-01-07-02-02-01-10.wav
female-disgust,audio_speech_emotion/Actor_10/03-01-07-02-02-02-10.wav
female-surprise,audio_speech_emotion/Actor_10/03-01-08-01-01-01-10.wav
female-surprise,audio_speech_emotion/Actor_10/03-01-08-01-01-02-10.wav
female-surprise,audio_speech_emotion/Actor_10/03-01-08-01-02-01-10.wav
female-surprise,audio_speech_emotion/Actor_10/03-01-08-01-02-02-10.wav
female-surprise,audio_speech_emotion/Actor_10/03-01-08-02-01-01-10.wav
female-surprise,audio_speech_emotion/Actor_10/03-01-08-02-01-02-10.wav
female-surprise,audio_speech_emotion/Actor_10/03-01-08-02-02-01-10.wav
female-surprise,audio_speech_emotion/Actor_10/03-01-08-02-02-02-10.wav
male-neutral,audio_speech_emotion/Actor_11/03-01-01-01-01-01-11.wav
male-neutral,audio_speech_emotion/Actor_11/03-01-01-01-01-02-11.wav
male-neutral,audio_speech_emotion/Actor_11/03-01-01-01-02-01-11.wav
male-neutral,audio_speech_emotion/Actor_11/03-01-01-01-02-02-11.wav
male-calm,audio_speech_emotion/Actor_11/03-01-02-01-01-01-11.wav
male-calm,audio_speech_emotion/Actor_11/03-01-02-01-01-02-11.wav
male-calm,audio_speech_emotion/Actor_11/03-01-02-01-02-01-11.wav
male-calm,audio_speech_emotion/Actor_11/03-01-02-01-02-02-11.wav
male-calm,audio_speech_emotion/Actor_11/03-01-02-02-01-01-11.wav
male-calm,audio_speech_emotion/Actor_11/03-01-02-02-01-02-11.wav
male-calm,audio_speech_emotion/Actor_11/03-01-02-02-02-01-11.wav
male-calm,audio_speech_emotion/Actor_11/03-01-02-02-02-02-11.wav
male-happy,audio_speech_emotion/Actor_11/03-01-03-01-01-01-11.wav
male-happy,audio_speech_emotion/Actor_11/03-01-03-01-01-02-11.wav
male-happy,audio_speech_emotion/Actor_11/03-01-03-01-02-01-11.wav
male-happy,audio_speech_emotion/Actor_11/03-01-03-01-02-02-11.wav
male-happy,audio_speech_emotion/Actor_11/03-01-03-02-01-01-11.wav
male-happy,audio_speech_emotion/Actor_11/03-01-03-02-01-02-11.wav
male-happy,audio_speech_emotion/Actor_11/03-01-03-02-02-01-11.wav
male-happy,audio_speech_emotion/Actor_11/03-01-03-02-02-02-11.wav
male-sad,audio_speech_emotion/Actor_11/03-01-04-01-01-01-11.wav
male-sad,audio_speech_emotion/Actor_11/03-01-04-01-01-02-11.wav
male-sad,audio_speech_emotion/Actor_11/03-01-04-01-02-01-11.wav
male-sad,audio_speech_emotion/Actor_11/03-01-04-01-02-02-11.wav
male-sad,audio_speech_emotion/Actor_11/03-01-04-02-01-01-11.wav
male-sad,audio_speech_emotion/Actor_11/03-01-04-02-01-02-11.wav
male-sad,audio_speech_emotion/Actor_11/03-01-04-02-02-01-11.wav
male-sad,audio_speech_emotion/Actor_11/03-01-04-02-02-02-11.wav
male-angry,audio_speech_emotion/Actor_11/03-01-05-01-01-01-11.wav
male-angry,audio_speech_emotion/Actor_11/03-01-05-01-01-02-11.wav
male-angry,audio_speech_emotion/Actor_11/03-01-05-01-02-01-11.wav
male-angry,audio_speech_emotion/Actor_11/03-01-05-01-02-02-11.wav
male-angry,audio_speech_emotion/Actor_11/03-01-05-02-01-01-11.wav
male-angry,audio_speech_emotion/Actor_11/03-01-05-02-01-02-11.wav
male-angry,audio_speech_emotion/Actor_11/03-01-05-02-02-01-11.wav
male-angry,audio_speech_emotion/Actor_11/03-01-05-02-02-02-11.wav
male-fear,audio_speech_emotion/Actor_11/03-01-06-01-01-01-11.wav
male-fear,audio_speech_emotion/Actor_11/03-01-06-01-01-02-11.wav
male-fear,audio_speech_emotion/Actor_11/03-01-06-01-02-01-11.wav
male-fear,audio_speech_emotion/Actor_11/03-01-06-01-02-02-11.wav
male-fear,audio_speech_emotion/Actor_11/03-01-06-02-01-01-11.wav
male-fear,audio_speech_emotion/Actor_11/03-01-06-02-01-02-11.wav
male-fear,audio_speech_emotion/Actor_11/03-01-06-02-02-01-11.wav
male-fear,audio_speech_emotion/Actor_11/03-01-06-02-02-02-11.wav
male-disgust,audio_speech_emotion/Actor_11/03-01-07-01-01-01-11.wav
male-disgust,audio_speech_emotion/Actor_11/03-01-07-01-01-02-11.wav
male-disgust,audio_speech_emotion/Actor_11/03-01-07-01-02-01-11.wav
male-disgust,audio_speech_emotion/Actor_11/03-01-07-01-02-02-11.wav
male-disgust,audio_speech_emotion/Actor_11/03-01-07-02-01-01-11.wav
male-disgust,audio_speech_emotion/Actor_11/03-01-07-02-01-02-11.wav
male-disgust,audio_speech_emotion/Actor_11/03-01-07-02-02-01-11.wav
male-disgust,audio_speech_emotion/Actor_11/03-01-07-02-02-02-11.wav
male-surprise,audio_speech_emotion/Actor_11/03-01-08-01-01-01-11.wav
male-surprise,audio_speech_emotion/Actor_11/03-01-08-01-01-02-11.wav
male-surprise,audio_speech_emotion/Actor_11/03-01-08-01-02-01-11.wav
male-surprise,audio_speech_emotion/Actor_11/03-01-08-01-02-02-11.wav
male-surprise,audio_speech_emotion/Actor_11/03-01-08-02-01-01-11.wav
male-surprise,audio_speech_emotion/Actor_11/03-01-08-02-01-02-11.wav
male-surprise,audio_speech_emotion/Actor_11/03-01-08-02-02-01-11.wav
male-surprise,audio_speech_emotion/Actor_11/03-01-08-02-02-02-11.wav
female-neutral,audio_speech_emotion/Actor_12/03-01-01-01-01-01-12.wav
female-neutral,audio_speech_emotion/Actor_12/03-01-01-01-01-02-12.wav
female-neutral,audio_speech_emotion/Actor_12/03-01-01-01-02-01-12.wav
female-neutral,audio_speech_emotion/Actor_12/03-01-01-01-02-02-12.wav
female-calm,audio_speech_emotion/Actor_12/03-01-02-01-01-01-12.wav
female-calm,audio_speech_emotion/Actor_12/03-01-02-01-01-02-12.wav
female-calm,audio_speech_emotion/Actor_12/03-01-02-01-02-01-12.wav
female-calm,audio_speech_emotion/Actor_12/03-01-02-01-02-02-12.wav
female-calm,audio_speech_emotion/Actor_12/03-01-02-02-01-01-12.wav
female-calm,audio_speech_emotion/Actor_12/03-01-02-02-01-02-12.wav
female-calm,audio_speech_emotion/Actor_12/03-01-02-02-02-01-12.wav
female-calm,audio_speech_emotion/Actor_12/03-01-02-02-02-02-12.wav
female-happy,audio_speech_emotion/Actor_12/03-01-03-01-01-01-12.wav
female-happy,audio_speech_emotion/Actor_12/03-01-03-01-01-02-12.wav
female-happy,audio_speech_emotion/Actor_12/03-01-03-01-02-01-12.wav
female-happy,audio_speech_emotion/Actor_12/03-01-03-01-02-02-12.wav
female-happy,audio_speech_emotion/Actor_12/03-01-03-02-01-01-12.wav
female-happy,audio_speech_emotion/Actor_12/03-01-03-02-01-02-12.wav
female-happy,audio_speech_emotion/Actor_12/03-01-03-02-02-01-12.wav
female-happy,audio_speech_emotion/Actor_12/03-01-03-02-02-02-12.wav
female-sad,audio_speech_emotion/Actor_12/03-01-04-01-01-01-12.wav
female-sad,audio_speech_emotion/Actor_12/03-01-04-01-01-02-12.wav
female-sad,audio_speech_emotion/Actor_12/03-01-04-01-02-01-12.wav
female-sad,audio_speech_emotion/Actor_12/03-01-04-01-02-02-12.wav
female-sad,audio_speech_emotion/Actor_12/03-01-04-02-01-01-12.wav
female-sad,audio_speech_emotion/Actor_12/03-01-04-02-01-02-12.wav
female-sad,audio_speech_emotion/Actor_12/03-01-04-02-02-01-12.wav
female-sad,audio_speech_emotion/Actor_12/03-01-04-02-02-02-12.wav
female-angry,audio_speech_emotion/Actor_12/03-01-05-01-01-01-12.wav
female-angry,audio_speech_emotion/Actor_12/03-01-05-01-01-02-12.wav
female-angry,audio_speech_emotion/Actor_12/03-01-05-01-02-01-12.wav
female-angry,audio_speech_emotion/Actor_12/03-01-05-01-02-02-12.wav
female-angry,audio_speech_emotion/Actor_12/03-01-05-02-01-01-12.wav
female-angry,audio_speech_emotion/Actor_12/03-01-05-02-01-02-12.wav
female-angry,audio_speech_emotion/Actor_12/03-01-05-02-02-01-12.wav
female-angry,audio_speech_emotion/Actor_12/03-01-05-02-02-02-12.wav
female-fear,audio_speech_emotion/Actor_12/03-01-06-01-01-01-12.wav
female-fear,audio_speech_emotion/Actor_12/03-01-06-01-01-02-12.wav
female-fear,audio_speech_emotion/Actor_12/03-01-06-01-02-01-12.wav
female-fear,audio_speech_emotion/Actor_12/03-01-06-01-02-02-12.wav
female-fear,audio_speech_emotion/Actor_12/03-01-06-02-01-01-12.wav
female-fear,audio_speech_emotion/Actor_12/03-01-06-02-01-02-12.wav
female-fear,audio_speech_emotion/Actor_12/03-01-06-02-02-01-12.wav
female-fear,audio_speech_emotion/Actor_12/03-01-06-02-02-02-12.wav
female-disgust,audio_speech_emotion/Actor_12/03-01-07-01-01-01-12.wav
female-disgust,audio_speech_emotion/Actor_12/03-01-07-01-01-02-12.wav
female-disgust,audio_speech_emotion/Actor_12/03-01-07-01-02-01-12.wav
female-disgust,audio_speech_emotion/Actor_12/03-01-07-01-02-02-12.wav
female-disgust,audio_speech_emotion/Actor_12/03-01-07-02-01-01-12.wav
female-disgust,audio_speech_emotion/Actor_12/03-01-07-02-01-02-12.wav
female-disgust,audio_speech_emotion/Actor_12/03-01-07-02-02-01-12.wav
female-disgust,audio_speech_emotion/Actor_12/03-01-07-02-02-02-12.wav
female-surprise,audio_speech_emotion/Actor_12/03-01-08-01-01-01-12.wav
female-surprise,audio_speech_emotion/Actor_12/03-01-08-01-01-02-12.wav
female-surprise,audio_speech_emotion/Actor_12/03-01-08-01-02-01-12.wav
female-surprise,audio_speech_emotion/Actor_12/03-01-08-01-02-02-12.wav
female-surprise,audio_speech_emotion/Actor_12/03-01-08-02-01-01-12.wav
female-surprise,audio_speech_emotion/Actor_12/03-01-08-02-01-02-12.wav
female-surprise,audio_speech_emotion/Actor_12/03-01-08-02-02-01-12.wav
female-surprise,audio_speech_emotion/Actor_12/03-01-08-02-02-02-12.wav
male-neutral,audio_speech_emotion/Actor_13/03-01-01-01-01-01-13.wav
male-neutral,audio_speech_emotion/Actor_13/03-01-01-01-01-02-13.wav
male-neutral,audio_speech_emotion/Actor_13/03-01-01-01-02-01-13.wav
male-neutral,audio_speech_emotion/Actor_13/03-01-01-01-02-02-13.wav
male-calm,audio_speech_emotion/Actor_13/03-01-02-01-01-01-13.wav
male-calm,audio_speech_emotion/Actor_13/03-01-02-01-01-02-13.wav
male-calm,audio_speech_emotion/Actor_13/03-01-02-01-02-01-13.wav
male-calm,audio_speech_emotion/Actor_13/03-01-02-01-02-02-13.wav
male-calm,audio_speech_emotion/Actor_13/03-01-02-02-01-01-13.wav
male-calm,audio_speech_emotion/Actor_13/03-01-02-02-01-02-13.wav
male-calm,audio_speech_emotion/Actor_13/03-01-02-02-02-01-13.wav
male-calm,audio_speech_emotion/Actor_13/03-01-02-02-02-02-13.wav
male-happy,audio_speech_emotion/Actor_13/03-01-03-01-01-01-13.wav
male-happy,audio_speech_emotion/Actor_13/03-01-03-01-01-02-13.wav
male-happy,audio_speech_emotion/Actor_13/03-01-03-01-02-01-13.wav
male-happy,audio_speech_emotion/Actor_13/03-01-03-01-02-02-13.wav
male-happy,audio_speech_emotion/Actor_13/03-01-03-02-01-01-13.wav
male-happy,audio_speech_emotion/Actor_13/03-01-03-02-01-02-13.wav
male-happy,audio_speech_emotion/Actor_13/03-01-03-02-02-01-13.wav
male-happy,audio_speech_emotion/Actor_13/03-01-03-02-02-02-13.wav
male-sad,audio_speech_emotion/Actor_13/03-01-04-01-01-01-13.wav
male-sad,audio_speech_emotion/Actor_13/03-01-04-01-01-02-13.wav
male-sad,audio_speech_emotion/Actor_13/03-01-04-01-02-01-13.wav
male-sad,audio_speech_emotion/Actor_13/03-01-04-01-02-02-13.wav
male-sad,audio_speech_emotion/Actor_13/03-01-04-02-01-01-13.wav
male-sad,audio_speech_emotion/Actor_13/03-01-04-02-01-02-13.wav
male-sad,audio_speech_emotion/Actor_13/03-01-04-02-02-01-13.wav
male-sad,audio_speech_emotion/Actor_13/03-01-04-02-02-02-13.wav
male-angry,audio_speech_emotion/Actor_13/03-01-05-01-01-01-13.wav
male-angry,audio_speech_emotion/Actor_13/03-01-05-01-01-02-13.wav
male-angry,audio_speech_emotion/Actor_13/03-01-05-01-02-01-13.wav
male-angry,audio_speech_emotion/Actor_13/03-01-05-01-02-02-13.wav
male-angry,audio_speech_emotion/Actor_13/03-01-05-02-01-01-13.wav
male-angry,audio_speech_emotion/Actor_13/03-01-05-02-01-02-13.wav
male-angry,audio_speech_emotion/Actor_13/03-01-05-02-02-01-13.wav
male-angry,audio_speech_emotion/Actor_13/03-01-05-02-02-02-13.wav
male-fear,audio_speech_emotion/Actor_13/03-01-06-01-01-01-13.wav
male-fear,audio_speech_emotion/Actor_13/03-01-06-01-01-02-13.wav
male-fear,audio_speech_emotion/Actor_13/03-01-06-01-02-01-13.wav
male-fear,audio_speech_emotion/Actor_13/03-01-06-01-02-02-13.wav
male-fear,audio_speech_emotion/Actor_13/03-01-06-02-01-01-13.wav
male-fear,audio_speech_emotion/Actor_13/03-01-06-02-01-02-13.wav
male-fear,audio_speech_emotion/Actor_13/03-01-06-02-02-01-13.wav
male-fear,audio_speech_emotion/Actor_13/03-01-06-02-02-02-13.wav
male-disgust,audio_speech_emotion/Actor_13/03-01-07-01-01-01-13.wav
male-disgust,audio_speech_emotion/Actor_13/03-01-07-01-01-02-13.wav
male-disgust,audio_speech_emotion/Actor_13/03-01-07-01-02-01-13.wav
male-disgust,audio_speech_emotion/Actor_13/03-01-07-01-02-02-13.wav
male-disgust,audio_speech_emotion/Actor_13/03-01-07-02-01-01-13.wav
male-disgust,audio_speech_emotion/Actor_13/03-01-07-02-01-02-13.wav
male-disgust,audio_speech_emotion/Actor_13/03-01-07-02-02-01-13.wav
male-disgust,audio_speech_emotion/Actor_13/03-01-07-02-02-02-13.wav
male-surprise,audio_speech_emotion/Actor_13/03-01-08-01-01-01-13.wav
male-surprise,audio_speech_emotion/Actor_13/03-01-08-01-01-02-13.wav
male-surprise,audio_speech_emotion/Actor_13/03-01-08-01-02-01-13.wav
male-surprise,audio_speech_emotion/Actor_13/03-01-08-01-02-02-13.wav
male-surprise,audio_speech_emotion/Actor_13/03-01-08-02-01-01-13.wav
male-surprise,audio_speech_emotion/Actor_13/03-01-08-02-01-02-13.wav
male-surprise,audio_speech_emotion/Actor_13/03-01-08-02-02-01-13.wav
male-surprise,audio_speech_emotion/Actor_13/03-01-08-02-02-02-13.wav
female-neutral,audio_speech_emotion/Actor_14/03-01-01-01-01-01-14.wav
female-neutral,audio_speech_emotion/Actor_14/03-01-01-01-01-02-14.wav
female-neutral,audio_speech_emotion/Actor_14/03-01-01-01-02-01-14.wav
female-neutral,audio_speech_emotion/Actor_14/03-01-01-01-02-02-14.wav
female-calm,audio_speech_emotion/Actor_14/03-01-02-01-01-01-14.wav
female-calm,audio_speech_emotion/Actor_14/03-01-02-01-01-02-14.wav
female-calm,audio_speech_emotion/Actor_14/03-01-02-01-02-01-14.wav
female-calm,audio_speech_emotion/Actor_14/03-01-02-01-02-02-14.wav
female-calm,audio_speech_emotion/Actor_14/03-01-02-02-01-01-14.wav
female-calm,audio_speech_emotion/Actor_14/03-01-02-02-01-02-14.wav
female-calm,audio_speech_emotion/Actor_14/03-01-02-02-02-01-14.wav
female-calm,audio_speech_emotion/Actor_14/03-01-02-02-02-02-14.wav
female-happy,audio_speech_emotion/Actor_14/03-01-03-01-01-01-14.wav
female-happy,audio_speech_emotion/Actor_14/03-01-03-01-01-02-14.wav
female-happy,audio_speech_emotion/Actor_14/03-01-03-01-02-01-14.wav
female-happy,audio_speech_emotion/Actor_14/03-01-03-01-02-02-14.wav
female-happy,audio_speech_emotion/Actor_14/03-01-03-02-01-01-14.wav
female-happy,audio_speech_emotion/Actor_14/03-01-03-02-01-02-14.wav
female-happy,audio_speech_emotion/Actor_14/03-01-03-02-02-01-14.wav
female-happy,audio_speech_emotion/Actor_14/03-01-03-02-02-02-14.wav
female-sad,audio_speech_emotion/Actor_14/03-01-04-01-01-01-14.wav
female-sad,audio_speech_emotion/Actor_14/03-01-04-01-01-02-14.wav
female-sad,audio_speech_emotion/Actor_14/03-01-04-01-02-01-14.wav
female-sad,audio_speech_emotion/Actor_14/03-01-04-01-02-02-14.wav
female-sad,audio_speech_emotion/Actor_14/03-01-04-02-01-01-14.wav
female-sad,audio_speech_emotion/Actor_14/03-01-04-02-01-02-14.wav
female-sad,audio_speech_emotion/Actor_14/03-01-04-02-02-01-14.wav
female-sad,audio_speech_emotion/Actor_14/03-01-04-02-02-02-14.wav
female-angry,audio_speech_emotion/Actor_14/03-01-05-01-01-01-14.wav
female-angry,audio_speech_emotion/Actor_14/03-01-05-01-01-02-14.wav
female-angry,audio_speech_emotion/Actor_14/03-01-05-01-02-01-14.wav
female-angry,audio_speech_emotion/Actor_14/03-01-05-01-02-02-14.wav
female-angry,audio_speech_emotion/Actor_14/03-01-05-02-01-01-14.wav
female-angry,audio_speech_emotion/Actor_14/03-01-05-02-01-02-14.wav
female-angry,audio_speech_emotion/Actor_14/03-01-05-02-02-01-14.wav
female-angry,audio_speech_emotion/Actor_14/03-01-05-02-02-02-14.wav
female-fear,audio_speech_emotion/Actor_14/03-01-06-01-01-01-14.wav
female-fear,audio_speech_emotion/Actor_14/03-01-06-01-01-02-14.wav
female-fear,audio_speech_emotion/Actor_14/03-01-06-01-02-01-14.wav
female-fear,audio_speech_emotion/Actor_14/03-01-06-01-02-02-14.wav
female-fear,audio_speech_emotion/Actor_14/03-01-06-02-01-01-14.wav
female-fear,audio_speech_emotion/Actor_14/03-01-06-02-01-02-14.wav
female-fear,audio_speech_emotion/Actor_14/03-01-06-02-02-01-14.wav
female-fear,audio_speech_emotion/Actor_14/03-01-06-02-02-02-14.wav
female-disgust,audio_speech_emotion/Actor_14/03-01-07-01-01-01-14.wav
female-disgust,audio_speech_emotion/Actor_14/03-01-07-01-01-02-14.wav
female-disgust,audio_speech_emotion/Actor_14/03-01-07-01-02-01-14.wav
female-disgust,audio_speech_emotion/Actor_14/03-01-07-01-02-02-14.wav
female-disgust,audio_speech_emotion/Actor_14/03-01-07-02-01-01-14.wav
female-disgust,audio_speech_emotion/Actor_14/03-01-07-02-01-02-14.wav
female-disgust,audio_speech_emotion/Actor_14/03-01-07-02-02-01-14.wav
female-disgust,audio_speech_emotion/Actor_14/03-01-07-02-02-02-14.wav
female-surprise,audio_speech_emotion/Actor_14/03-01-08-01-01-01-14.wav
female-surprise,audio_speech_emotion/Actor_14/03-01-08-01-01-02-14.wav
female-surprise,audio_speech_emotion/Actor_14/03-01-08-01-02-01-14.wav
female-surprise,audio_speech_emotion/Actor_14/03-01-08-01-02-02-14.wav
female-surprise,audio_speech_emotion/Actor_14/03-01-08-02-01-01-14.wav
female-surprise,audio_speech_emotion/Actor_14/03-01-08-02-01-02-14.wav
female-surprise,audio_speech_emotion/Actor_14/03-01-08-02-02-01-14.wav
female-surprise,audio_speech_emotion/Actor_14/03-01-08-02-02-02-14.wav
male-neutral,audio_speech_emotion/Actor_15/03-01-01-01-01-01-15.wav
male-neutral,audio_speech_emotion/Actor_15/03-01-01-01-01-02-15.wav
male-neutral,audio_speech_emotion/Actor_15/03-01-01-01-02-01-15.wav
male-neutral,audio_speech_emotion/Actor_15/03-01-01-01-02-02-15.wav
male-calm,audio_speech_emotion/Actor_15/03-01-02-01-01-01-15.wav
male-calm,audio_speech_emotion/Actor_15/03-01-02-01-01-02-15.wav
male-calm,audio_speech_emotion/Actor_15/03-01-02-01-02-01-15.wav
male-calm,audio_speech_emotion/Actor_15/03-01-02-01-02-02-15.wav
male-calm,audio_speech_emotion/Actor_15/03-01-02-02-01-01-15.wav
male-calm,audio_speech_emotion/Actor_15/03-01-02-02-01-02-15.wav
male-calm,audio_speech_emotion/Actor_15/03-01-02-02-02-01-15.wav
male-calm,audio_speech_emotion/Actor_15/03-01-02-02-02-02-15.wav
male-happy,audio_speech_emotion/Actor_15/03-01-03-01-01-01-15.wav
male-happy,audio_speech_emotion/Actor_15/03-01-03-01-01-02-15.wav
male-happy,audio_speech_emotion/Actor_15/03-01-03-01-02-01-15.wav
male-happy,audio_speech_emotion/Actor_15/03-01-03-01-02-02-15.wav
male-happy,audio_speech_emotion/Actor_15/03-01-03-02-01-01-15.wav
male-happy,audio_speech_emotion/Actor_15/03-01-03-02-01-02-15.wav
male-happy,audio_speech_emotion/Actor_15/03-01-03-02-02-01-15.wav
male-happy,audio_speech_emotion/Actor_15/03-01-03-02-02-02-15.wav
male-sad,audio_speech_emotion/Actor_15/03-01-04-01-01-01-15.wav
male-sad,audio_speech_emotion/Actor_15/03-01-04-01-01-02-15.wav
male-sad,audio_speech_emotion/Actor_15/03-01-04-01-02-01-15.wav
male-sad,audio_speech_emotion/Actor_15/03-01-04-01-02-02-15.wav
male-sad,audio_speech_emotion/Actor_15/03-01-04-02-01-01-15.wav
male-sad,audio_speech_emotion/Actor_15/03-01-04-02-01-02-15.wav
male-sad,audio_speech_emotion/Actor_15/03-01-04-02-02-01-15.wav
male-sad,audio_speech_emotion/Actor_15/03-01-04-02-02-02-15.wav
male-angry,audio_speech_emotion/Actor_15/03-01-05-01-01-01-15.wav
male-angry,audio_speech_emotion/Actor_15/03-01-05-01-01-02-15.wav
male-angry,audio_speech_emotion/Actor_15/03-01-05-01-02-01-15.wav
male-angry,audio_speech_emotion/Actor_15/03-01-05-01-02-02-15.wav
male-angry,audio_speech_emotion/Actor_15/03-01-05-02-01-01-15.wav
male-angry,audio_speech_emotion/Actor_15/03-01-05-02-01-02-15.wav
male-angry,audio_speech_emotion/Actor_15/03-01-05-02-02-01-15.wav
male-angry,audio_speech_emotion/Actor_15/03-01-05-02-02-02-15.wav
male-fear,audio_speech_emotion/Actor_15/03-01-06-01-01-01-15.wav
male-fear,audio_speech_emotion/Actor_15/03-01-06-01-01-02-15.wav
male-fear,audio_speech_emotion/Actor_15/03-01-06-01-02-01-15.wav
male-fear,audio_speech_emotion/Actor_15/03-01-06-01-02-02-15.wav
male-fear,audio_speech_emotion/Actor_15/03-01-06-02-01-01-15.wav
male-fear,audio_speech_emotion/Actor_15/03-01-06-02-01-02-15.wav
male-fear,audio_speech_emotion/Actor_15/03-01-06-02-02-01-15.wav
male-fear,audio_speech_emotion/Actor_15/03-01-06-02-02-02-15.wav
male-disgust,audio_speech_emotion/Actor_15/03-01-07-01-01-01-15.wav
male-disgust,audio_speech_emotion/Actor_15/03-01-07-01-01-02-15.wav
male-disgust,audio_speech_emotion/Actor_15/03-01-07-01-02-01-15.wav
male-disgust,audio_speech_emotion/Actor_15/03-01-07-01-02-02-15.wav
male-disgust,audio_speech_emotion/Actor_15/03-01-07-02-01-01-15.wav
male-disgust,audio_speech_emotion/Actor_15/03-01-07-02-01-02-15.wav
male-disgust,audio_speech_emotion/Actor_15/03-01-07-02-02-01-15.wav
male-disgust,audio_speech_emotion/Actor_15/03-01-07-02-02-02-15.wav
male-surprise,audio_speech_emotion/Actor_15/03-01-08-01-01-01-15.wav
male-surprise,audio_speech_emotion/Actor_15/03-01-08-01-01-02-15.wav
male-surprise,audio_speech_emotion/Actor_15/03-01-08-01-02-01-15.wav
male-surprise,audio_speech_emotion/Actor_15/03-01-08-01-02-02-15.wav
male-surprise,audio_speech_emotion/Actor_15/03-01-08-02-01-01-15.wav
male-surprise,audio_speech_emotion/Actor_15/03-01-08-02-01-02-15.wav
male-surprise,audio_speech_emotion/Actor_15/03-01-08-02-02-01-15.wav
male-surprise,audio_speech_emotion/Actor_15/03-01-08-02-02-02-15.wav
female-neutral,audio_speech_emotion/Actor_16/03-01-01-01-01-01-16.wav
female-neutral,audio_speech_emotion/Actor_16/03-01-01-01-01-02-16.wav
female-neutral,audio_speech_emotion/Actor_16/03-01-01-01-02-01-16.wav
female-neutral,audio_speech_emotion/Actor_16/03-01-01-01-02-02-16.wav
female-calm,audio_speech_emotion/Actor_16/03-01-02-01-01-01-16.wav
female-calm,audio_speech_emotion/Actor_16/03-01-02-01-01-02-16.wav
female-calm,audio_speech_emotion/Actor_16/03-01-02-01-02-01-16.wav
female-calm,audio_speech_emotion/Actor_16/03-01-02-01-02-02-16.wav
female-calm,audio_speech_emotion/Actor_16/03-01-02-02-01-01-16.wav
female-calm,audio_speech_emotion/Actor_16/03-01-02-02-01-02-16.wav
female-calm,audio_speech_emotion/Actor_16/03-01-02-02-02-01-16.wav
female-calm,audio_speech_emotion/Actor_16/03-01-02-02-02-02-16.wav
female-happy,audio_speech_emotion/Actor_16/03-01-03-01-01-01-16.wav
female-happy,audio_speech_emotion/Actor_16/03-01-03-01-01-02-16.wav
female-happy,audio_speech_emotion/Actor_16/03-01-03-01-02-01-16.wav
female-happy,audio_speech_emotion/Actor_16/03-01-03-01-02-02-16.wav
female-happy,audio_speech_emotion/Actor_16/03-01-03-02-01-01-16.wav
female-happy,audio_speech_emotion/Actor_16/03-01-03-02-01-02-16.wav
female-happy,audio_speech_emotion/Actor_16/03-01-03-02-02-01-16.wav
female-happy,audio_speech_emotion/Actor_16/03-01-03-02-02-02-16.wav
female-sad,audio_speech_emotion/Actor_16/03-01-04-01-01-01-16.wav
female-sad,audio_speech_emotion/Actor_16/03-01-04-01-01-02-16.wav
female-sad,audio_speech_emotion/Actor_16/03-01-04-01-02-01-16.wav
female-sad,audio_speech_emotion/Actor_16/03-01-04-01-02-02-16.wav
female-sad,audio_speech_emotion/Actor_16/03-01-04-02-01-01-16.wav
female-sad,audio_speech_emotion/Actor_16/03-01-04-02-01-02-16.wav
female-sad,audio_speech_emotion/Actor_16/03-01-04-02-02-01-16.wav
female-sad,audio_speech_emotion/Actor_16/03-01-04-02-02-02-16.wav
female-angry,audio_speech_emotion/Actor_16/03-01-05-01-01-01-16.wav
female-angry,audio_speech_emotion/Actor_16/03-01-05-01-01-02-16.wav
female-angry,audio_speech_emotion/Actor_16/03-01-05-01-02-01-16.wav
female-angry,audio_speech_emotion/Actor_16/03-01-05-01-02-02-16.wav
female-angry,audio_speech_emotion/Actor_16/03-01-05-02-01-01-16.wav
female-angry,audio_speech_emotion/Actor_16/03-01-05-02-01-02-16.wav
female-angry,audio_speech_emotion/Actor_16/03-01-05-02-02-01-16.wav
female-angry,audio_speech_emotion/Actor_16/03-01-05-02-02-02-16.wav
female-fear,audio_speech_emotion/Actor_16/03-01-06-01-01-01-16.wav
female-fear,audio_speech_emotion/Actor_16/03-01-06-01-01-02-16.wav
female-fear,audio_speech_emotion/Actor_16/03-01-06-01-02-01-16.wav
female-fear,audio_speech_emotion/Actor_16/03-01-06-01-02-02-16.wav
female-fear,audio_speech_emotion/Actor_16/03-01-06-02-01-01-16.wav
female-fear,audio_speech_emotion/Actor_16/03-01-06-02-01-02-16.wav
female-fear,audio_speech_emotion/Actor_16/03-01-06-02-02-01-16.wav
female-fear,audio_speech_emotion/Actor_16/03-01-06-02-02-02-16.wav
female-disgust,audio_speech_emotion/Actor_16/03-01-07-01-01-01-16.wav
female-disgust,audio_speech_emotion/Actor_16/03-01-07-01-01-02-16.wav
female-disgust,audio_speech_emotion/Actor_16/03-01-07-01-02-01-16.wav
female-disgust,audio_speech_emotion/Actor_16/03-01-07-01-02-02-16.wav
female-disgust,audio_speech_emotion/Actor_16/03-01-07-02-01-01-16.wav
female-disgust,audio_speech_emotion/Actor_16/03-01-07-02-01-02-16.wav
female-disgust,audio_speech_emotion/Actor_16/03-01-07-02-02-01-16.wav
female-disgust,audio_speech_emotion/Actor_16/03-01-07-02-02-02-16.wav
female-surprise,audio_speech_emotion/Actor_16/03-01-08-01-01-01-16.wav
female-surprise,audio_speech_emotion/Actor_16/03-01-08-01-01-02-16.wav
female-surprise,audio_speech_emotion/Actor_16/03-01-08-01-02-01-16.wav
female-surprise,audio_speech_emotion/Actor_16/03-01-08-01-02-02-16.wav
female-surprise,audio_speech_emotion/Actor_16/03-01-08-02-01-01-16.wav
female-surprise,audio_speech_emotion/Actor_16/03-01-08-02-01-02-16.wav
female-surprise,audio_speech_emotion/Actor_16/03-01-08-02-02-01-16.wav
female-surprise,audio_speech_emotion/Actor_16/03-01-08-02-02-02-16.wav
male-neutral,audio_speech_emotion/Actor_17/03-01-01-01-01-01-17.wav
male-neutral,audio_speech_emotion/Actor_17/03-01-01-01-01-02-17.wav
male-neutral,audio_speech_emotion/Actor_17/03-01-01-01-02-01-17.wav
male-neutral,audio_speech_emotion/Actor_17/03-01-01-01-02-02-17.wav
male-calm,audio_speech_emotion/Actor_17/03-01-02-01-01-01-17.wav
male-calm,audio_speech_emotion/Actor_17/03-01-02-01-01-02-17.wav
male-calm,audio_speech_emotion/Actor_17/03-01-02-01-02-01-17.wav
male-calm,audio_speech_emotion/Actor_17/03-01-02-01-02-02-17.wav
male-calm,audio_speech_emotion/Actor_17/03-01-02-02-01-01-17.wav
male-calm,audio_speech_emotion/Actor_17/03-01-02-02-01-02-17.wav
male-calm,audio_speech_emotion/Actor_17/03-01-02-02-02-01-17.wav
male-calm,audio_speech_emotion/Actor_17/03-01-02-02-02-02-17.wav
male-happy,audio_speech_emotion/Actor_17/03-01-03-01-01-01-17.wav
male-happy,audio_speech_emotion/Actor_17/03-01-03-01-01-02-17.wav
male-happy,audio_speech_emotion/Actor_17/03-01-03-01-02-01-17.wav
male-happy,audio_speech_emotion/Actor_17/03-01-03-01-02-02-17.wav
male-happy,audio_speech_emotion/Actor_17/03-01-03-02-01-01-17.wav
male-happy,audio_speech_emotion/Actor_17/03-01-03-02-01-02-17.wav
male-happy,audio_speech_emotion/Actor_17/03-01-03-02-02-01-17.wav
male-happy,audio_speech_emotion/Actor_17/03-01-03-02-02-02-17.wav
male-sad,audio_speech_emotion/Actor_17/03-01-04-01-01-01-17.wav
male-sad,audio_speech_emotion/Actor_17/03-01-04-01-01-02-17.wav
male-sad,audio_speech_emotion/Actor_17/03-01-04-01-02-01-17.wav
male-sad,audio_speech_emotion/Actor_17/03-01-04-01-02-02-17.wav
male-sad,audio_speech_emotion/Actor_17/03-01-04-02-01-01-17.wav
male-sad,audio_speech_emotion/Actor_17/03-01-04-02-01-02-17.wav
male-sad,audio_speech_emotion/Actor_17/03-01-04-02-02-01-17.wav
male-sad,audio_speech_emotion/Actor_17/03-01-04-02-02-02-17.wav
male-angry,audio_speech_emotion/Actor_17/03-01-05-01-01-01-17.wav
male-angry,audio_speech_emotion/Actor_17/03-01-05-01-01-02-17.wav
male-angry,audio_speech_emotion/Actor_17/03-01-05-01-02-01-17.wav
male-angry,audio_speech_emotion/Actor_17/03-01-05-01-02-02-17.wav
male-angry,audio_speech_emotion/Actor_17/03-01-05-02-01-01-17.wav
male-angry,audio_speech_emotion/Actor_17/03-01-05-02-01-02-17.wav
male-angry,audio_speech_emotion/Actor_17/03-01-05-02-02-01-17.wav
male-angry,audio_speech_emotion/Actor_17/03-01-05-02-02-02-17.wav
male-fear,audio_speech_emotion/Actor_17/03-01-06-01-01-01-17.wav
male-fear,audio_speech_emotion/Actor_17/03-01-06-01-01-02-17.wav
male-fear,audio_speech_emotion/Actor_17/03-01-06-01-02-01-17.wav
male-fear,audio_speech_emotion/Actor_17/03-01-06-01-02-02-17.wav
male-fear,audio_speech_emotion/Actor_17/03-01-06-02-01-01-17.wav
male-fear,audio_speech_emotion/Actor_17/03-01-06-02-01-02-17.wav
male-fear,audio_speech_emotion/Actor_17/03-01-06-02-02-01-17.wav
male-fear,audio_speech_emotion/Actor_17/03-01-06-02-02-02-17.wav
male-disgust,audio_speech_emotion/Actor_17/03-01-07-01-01-01-17.wav
male-disgust,audio_speech_emotion/Actor_17/03-01-07-01-01-02-17.wav
male-disgust,audio_speech_emotion/Actor_17/03-01-07-01-02-01-17.wav
male-disgust,audio_speech_emotion/Actor_17/03-01-07-01-02-02-17.wav
male-disgust,audio_speech_emotion/Actor_17/03-01-07-02-01-01-17.wav
male-disgust,audio_speech_emotion/Actor_17/03-01-07-02-01-02-17.wav
male-disgust,audio_speech_emotion/Actor_17/03-01-07-02-02-01-17.wav
male-disgust,audio_speech_emotion/Actor_17/03-01-07-02-02-02-17.wav
male-surprise,audio_speech_emotion/Actor_17/03-01-08-01-01-01-17.wav
male-surprise,audio_speech_emotion/Actor_17/03-01-08-01-01-02-17.wav
male-surprise,audio_speech_emotion/Actor_17/03-01-08-01-02-01-17.wav
male-surprise,audio_speech_emotion/Actor_17/03-01-08-01-02-02-17.wav
male-surprise,audio_speech_emotion/Actor_17/03-01-08-02-01-01-17.wav
male-surprise,audio_speech_emotion/Actor_17/03-01-08-02-01-02-17.wav
male-surprise,audio_speech_emotion/Actor_17/03-01-08-02-02-01-17.wav
male-surprise,audio_speech_emotion/Actor_17/03-01-08-02-02-02-17.wav
female-neutral,audio_speech_emotion/Actor_18/03-01-01-01-01-01-18.wav
female-neutral,audio_speech_emotion/Actor_18/03-01-01-01-01-02-18.wav
female-neutral,audio_speech_emotion/Actor_18/03-01-01-01-02-01-18.wav
female-neutral,audio_speech_emotion/Actor_18/03-01-01-01-02-02-18.wav
female-calm,audio_speech_emotion/Actor_18/03-01-02-01-01-01-18.wav
female-calm,audio_speech_emotion/Actor_18/03-01-02-01-01-02-18.wav
female-calm,audio_speech_emotion/Actor_18/03-01-02-01-02-01-18.wav
female-calm,audio_speech_emotion/Actor_18/03-01-02-01-02-02-18.wav
female-calm,audio_speech_emotion/Actor_18/03-01-02-02-01-01-18.wav
female-calm,audio_speech_emotion/Actor_18/03-01-02-02-01-02-18.wav
female-calm,audio_speech_emotion/Actor_18/03-01-02-02-02-01-18.wav
female-calm,audio_speech_emotion/Actor_18/03-01-02-02-02-02-18.wav
female-happy,audio_speech_emotion/Actor_18/03-01-03-01-01-01-18.wav
female-happy,audio_speech_emotion/Actor_18/03-01-03-01-01-02-18.wav
female-happy,audio_speech_emotion/Actor_18/03-01-03-01-02-01-18.wav
female-happy,audio_speech_emotion/Actor_18/03-01-03-01-02-02-18.wav
female-happy,audio_speech_emotion/Actor_18/03-01-03-02-01-01-18.wav
female-happy,audio_speech_emotion/Actor_18/03-01-03-02-01-02-18.wav
female-happy,audio_speech_emotion/Actor_18/03-01-03-02-02-01-18.wav
female-happy,audio_speech_emotion/Actor_18/03-01-03-02-02-02-18.wav
female-sad,audio_speech_emotion/Actor_18/03-01-04-01-01-01-18.wav
female-sad,audio_speech_emotion/Actor_18/03-01-04-01-01-02-18.wav
female-sad,audio_speech_emotion/Actor_18/03-01-04-01-02-01-18.wav
female-sad,audio_speech_emotion/Actor_18/03-01-04-01-02-02-18.wav
female-sad,audio_speech_emotion/Actor_18/03-01-04-02-01-01-18.wav
female-sad,audio_speech_emotion/Actor_18/03-01-04-02-01-02-18.wav
female-sad,audio_speech_emotion/Actor_18/03-01-04-02-02-01-18.wav
female-sad,audio_speech_emotion/Actor_18/03-01-04-02-02-02-18.wav
female-angry,audio_speech_emotion/Actor_18/03-01-05-01-01-01-18.wav
female-angry,audio_speech_emotion/Actor_18/03-01-05-01-01-02-18.wav
female-angry,audio_speech_emotion/Actor_18/03-01-05-01-02-01-18.wav
female-angry,audio_speech_emotion/Actor_18/03-01-05-01-02-02-18.wav
female-angry,audio_speech_emotion/Actor_18/03-01-05-02-01-01-18.wav
female-angry,audio_speech_emotion/Actor_18/03-01-05-02-01-02-18.wav
female-angry,audio_speech_emotion/Actor_18/03-01-05-02-02-01-18.wav
female-angry,audio_speech_emotion/Actor_18/03-01-05-02-02-02-18.wav
female-fear,audio_speech_emotion/Actor_18/03-01-06-01-01-01-18.wav
female-fear,audio_speech_emotion/Actor_18/03-01-06-01-01-02-18.wav
female-fear,audio_speech_emotion/Actor_18/03-01-06-01-02-01-18.wav
female-fear,audio_speech_emotion/Actor_18/03-01-06-01-02-02-18.wav
female-fear,audio_speech_emotion/Actor_18/03-01-06-02-01-01-18.wav
female-fear,audio_speech_emotion/Actor_18/03-01-06-02-01-02-18.wav
female-fear,audio_speech_emotion/Actor_18/03-01-06-02-02-01-18.wav
female-fear,audio_speech_emotion/Actor_18/03-01-06-02-02-02-18.wav
female-disgust,audio_speech_emotion/Actor_18/03-01-07-01-01-01-18.wav
female-disgust,audio_speech_emotion/Actor_18/03-01-07-01-01-02-18.wav
female-disgust,audio_speech_emotion/Actor_18/03-01-07-01-02-01-18.wav
female-disgust,audio_speech_emotion/Actor_18/03-01-07-01-02-02-18.wav
female-disgust,audio_speech_emotion/Actor_18/03-01-07-02-01-01-18.wav
female-disgust,audio_speech_emotion/Actor_18/03-01-07-02-01-02-18.wav
female-disgust,audio_speech_emotion/Actor_18/03-01-07-02-02-01-18.wav
female-disgust,audio_speech_emotion/Actor_18/03-01-07-02-02-02-18.wav
female-surprise,audio_speech_emotion/Actor_18/03-01-08-01-01-01-18.wav
female-surprise,audio_speech_emotion/Actor_18/03-01-08-01-01-02-18.wav
female-surprise,audio_speech_emotion/Actor_18/03-01-08-01-02-01-18.wav
female-surprise,audio_speech_emotion/Actor_18/03-01-08-01-02-02-18.wav
female-surprise,audio_speech_emotion/Actor_18/03-01-08-02-01-01-18.wav
female-surprise,audio_speech_emotion/Actor_18/03-01-08-02-01-02-18.wav
female-surprise,audio_speech_emotion/Actor_18/03-01-08-02-02-01-18.wav
female-surprise,audio_speech_emotion/Actor_18/03-01-08-02-02-02-18.wav
male-neutral,audio_speech_emotion/Actor_19/03-01-01-01-01-01-19.wav
male-neutral,audio_speech_emotion/Actor_19/03-01-01-01-01-02-19.wav
male-neutral,audio_speech_emotion/Actor_19/03-01-01-01-02-01-19.wav
male-neutral,audio_speech_emotion/Actor_19/03-01-01-01-02-02-19.wav
male-calm,audio_speech_emotion/Actor_19/03-01-02-01-01-01-19.wav
male-calm,audio_speech_emotion/Actor_19/03-01-02-01-01-02-19.wav
male-calm,audio_speech_emotion/Actor_19/03-01-02-01-02-01-19.wav
male-calm,audio_speech_emotion/Actor_19/03-01-02-01-02-02-19.wav
male-calm,audio_speech_emotion/Actor_19/03-01-02-02-01-01-19.wav
male-calm,audio_speech_emotion/Actor_19/03-01-02-02-01-02-19.wav
male-calm,audio_speech_emotion/Actor_19/03-01-02-02-02-01-19.wav
male-calm,audio_speech_emotion/Actor_19/03-01-02-02-02-02-19.wav
male-happy,audio_speech_emotion/Actor_19/03-01-03-01-01-01-19.wav
male-happy,audio_speech_emotion/Actor_19/03-01-03-01-01-02-19.wav
male-happy,audio_speech_emotion/Actor_19/03-01-03-01-02-01-19.wav
male-happy,audio_speech_emotion/Actor_19/03-01-03-01-02-02-19.wav
male-happy,audio_speech_emotion/Actor_19/03-01-03-02-01-01-19.wav
male-happy,audio_speech_emotion/Actor_19/03-01-03-02-01-02-19.wav
male-happy,audio_speech_emotion/Actor_19/03-01-03-02-02-01-19.wav
male-happy,audio_speech_emotion/Actor_19/03-01-03-02-02-02-19.wav
male-sad,audio_speech_emotion/Actor_19/03-01-04-01-01-01-19.wav
male-sad,audio_speech_emotion/Actor_19/03-01-04-01-01-02-19.wav
male-sad,audio_speech_emotion/Actor_19/03-01-04-01-02-01-19.wav
male-sad,audio_speech_emotion/Actor_19/03-01-04-01-02-02-19.wav
male-sad,audio_speech_emotion/Actor_19/03-01-04-02-01-01-19.wav
male-sad,audio_speech_emotion/Actor_19/03-01-04-02-01-02-19.wav
male-sad,audio_speech_emotion/Actor_19/03-01-04-02-02-01-19.wav
male-sad,audio_speech_emotion/Actor_19/03-01-04-02-02-02-19.wav
male-angry,audio_speech_emotion/Actor_19/03-01-05-01-01-01-19.wav
male-angry,audio_speech_emotion/Actor_19/03-01-05-01-01-02-19.wav
male-angry,audio_speech_emotion/Actor_19/03-01-05-01-02-01-19.wav
male-angry,audio_speech_emotion/Actor_19/03-01-05-01-02-02-19.wav
male-angry,audio_speech_emotion/Actor_19/03-01-05-02-01-01-19.wav
male-angry,audio_speech_emotion/Actor_19/03-01-05-02-01-02-19.wav
male-angry,audio_speech_emotion/Actor_19/03-01-05-02-02-01-19.wav
male-angry,audio_speech_emotion/Actor_19/03-01-05-02-02-02-19.wav
male-fear,audio_speech_emotion/Actor_19/03-01-06-01-01-01-19.wav
male-fear,audio_speech_emotion/Actor_19/03-01-06-01-01-02-19.wav
male-fear,audio_speech_emotion/Actor_19/03-01-06-01-02-01-19.wav
male-fear,audio_speech_emotion/Actor_19/03-01-06-01-02-02-19.wav
male-fear,audio_speech_emotion/Actor_19/03-01-06-02-01-01-19.wav
male-fear,audio_speech_emotion/Actor_19/03-01-06-02-01-02-19.wav
male-fear,audio_speech_emotion/Actor_19/03-01-06-02-02-01-19.wav
male-fear,audio_speech_emotion/Actor_19/03-01-06-02-02-02-19.wav
male-disgust,audio_speech_emotion/Actor_19/03-01-07-01-01-01-19.wav
male-disgust,audio_speech_emotion/Actor_19/03-01-07-01-01-02-19.wav
male-disgust,audio_speech_emotion/Actor_19/03-01-07-01-02-01-19.wav
male-disgust,audio_speech_emotion/Actor_19/03-01-07-01-02-02-19.wav
male-disgust,audio_speech_emotion/Actor_19/03-01-07-02-01-01-19.wav
male-disgust,audio_speech_emotion/Actor_19/03-01-07-02-01-02-19.wav
male-disgust,audio_speech_emotion/Actor_19/03-01-07-02-02-01-19.wav
male-disgust,audio_speech_emotion/Actor_19/03-01-07-02-02-02-19.wav
male-surprise,audio_speech_emotion/Actor_19/03-01-08-01-01-01-19.wav
male-surprise,audio_speech_emotion/Actor_19/03-01-08-01-01-02-19.wav
male-surprise,audio_speech_emotion/Actor_19/03-01-08-01-02-01-19.wav
male-surprise,audio_speech_emotion/Actor_19/03-01-08-01-02-02-19.wav
male-surprise,audio_speech_emotion/Actor_19/03-01-08-02-01-01-19.wav
male-surprise,audio_speech_emotion/Actor_19/03-01-08-02-01-02-19.wav
male-surprise,audio_speech_emotion/Actor_19/03-01-08-02-02-01-19.wav
male-surprise,audio_speech_emotion/Actor_19/03-01-08-02-02-02-19.wav
female-neutral,audio_speech_emotion/Actor_20/03-01-01-01-01-01-20.wav
female-neutral,audio_speech_emotion/Actor_20/03-01-01-01-01-02-20.wav
female-neutral,audio_speech_emotion/Actor_20/03-01-01-01-02-01-20.wav
female-neutral,audio_speech_emotion/Actor_20/03-01-01-01-02-02-20.wav
female-calm,audio_speech_emotion/Actor_20/03-01-02-01-01-01-20.wav
female-calm,audio_speech_emotion/Actor_20/03-01-02-01-01-02-20.wav
female-calm,audio_speech_emotion/Actor_20/03-01-02-01-02-01-20.wav
female-calm,audio_speech_emotion/Actor_20/03-01-02-01-02-02-20.wav
female-calm,audio_speech_emotion/Actor_20/03-01-02-02-01-01-20.wav
female-calm,audio_speech_emotion/Actor_20/03-01-02-02-01-02-20.wav
female-calm,audio_speech_emotion/Actor_20/03-01-02-02-02-01-20.wav
female-calm,audio_speech_emotion/Actor_20/03-01-02-02-02-02-20.wav
female-happy,audio_speech_emotion/Actor_20/03-01-03-01-01-01-20.wav
female-happy,audio_speech_emotion/Actor_20/03-01-03-01-01-02-20.wav
female-happy,audio_speech_emotion/Actor_20/03-01-03-01-02-01-20.wav
female-happy,audio_speech_emotion/Actor_20/03-01-03-01-02-02-20.wav
female-happy,audio_speech_emotion/Actor_20/03-01-03-02-01-01-20.wav
female-happy,audio_speech_emotion/Actor_20/03-01-03-02-01-02-20.wav
female-happy,audio_speech_emotion/Actor_20/03-01-03-02-02-01-20.wav
female-happy,audio_speech_emotion/Actor_20/03-01-03-02-02-02-20.wav
female-sad,audio_speech_emotion/Actor_20/03-01-04-01-01-01-20.wav
female-sad,audio_speech_emotion/Actor_20/03-01-04-01-01-02-20.wav
female-sad,audio_speech_emotion/Actor_20/03-01-04-01-02-01-20.wav
female-sad,audio_speech_emotion/Actor_20/03-01-04-01-02-02-20.wav
female-sad,audio_speech_emotion/Actor_20/03-01-04-02-01-01-20.wav
female-sad,audio_speech_emotion/Actor_20/03-01-04-02-01-02-20.wav
female-sad,audio_speech_emotion/Actor_20/03-01-04-02-02-01-20.wav
female-sad,audio_speech_emotion/Actor_20/03-01-04-02-02-02-20.wav
female-angry,audio_speech_emotion/Actor_20/03-01-05-01-01-01-20.wav
female-angry,audio_speech_emotion/Actor_20/03-01-05-01-01-02-20.wav
female-angry,audio_speech_emotion/Actor_20/03-01-05-01-02-01-20.wav
female-angry,audio_speech_emotion/Actor_20/03-01-05-01-02-02-20.wav
female-angry,audio_speech_emotion/Actor_20/03-01-05-02-01-01-20.wav
female-angry,audio_speech_emotion/Actor_20/03-01-05-02-01-02-20.wav
female-angry,audio_speech_emotion/Actor_20/03-01-05-02-02-01-20.wav
female-angry,audio_speech_emotion/Actor_20/03-01-05-02-02-02-20.wav
female-fear,audio_speech_emotion/Actor_20/03-01-06-01-01-01-20.wav
female-fear,audio_speech_emotion/Actor_20/03-01-06-01-01-02-20.wav
female-fear,audio_speech_emotion/Actor_20/03-01-06-01-02-01-20.wav
female-fear,audio_speech_emotion/Actor_20/03-01-06-01-02-02-20.wav
female-fear,audio_speech_emotion/Actor_20/03-01-06-02-01-01-20.wav
female-fear,audio_speech_emotion/Actor_20/03-01-06-02-01-02-20.wav
female-fear,audio_speech_emotion/Actor_20/03-01-06-02-02-01-20.wav
female-fear,audio_speech_emotion/Actor_20/03-01-06-02-02-02-20.wav
female-disgust,audio_speech_emotion/Actor_20/03-01-07-01-01-01-20.wav
female-disgust,audio_speech_emotion/Actor_20/03-01-07-01-01-02-20.wav
female-disgust,audio_speech_emotion/Actor_20/03-01-07-01-02-01-20.wav
female-disgust,audio_speech_emotion/Actor_20/03-01-07-01-02-02-20.wav
female-disgust,audio_speech_emotion/Actor_20/03-01-07-02-01-01-20.wav
female-disgust,audio_speech_emotion/Actor_20/03-01-07-02-01-02-20.wav
female-disgust,audio_speech_emotion/Actor_20/03-01-07-02-02-01-20.wav
female-disgust,audio_speech_emotion/Actor_20/03-01-07-02-02-02-20.wav
female-surprise,audio_speech_emotion/Actor_20/03-01-08-01-01-01-20.wav
female-surprise,audio_speech_emotion/Actor_20/03-01-08-01-01-02-20.wav
female-surprise,audio_speech_emotion/Actor_20/03-01-08-01-02-01-20.wav
female-surprise,audio_speech_emotion/Actor_20/03-01-08-01-02-02-20.wav
female-surprise,audio_speech_emotion/Actor_20/03-01-08-02-01-01-20.wav
female-surprise,audio_speech_emotion/Actor_20/03-01-08-02-01-02-20.wav
female-surprise,audio_speech_emotion/Actor_20/03-01-08-02-02-01-20.wav
female-surprise,audio_speech_emotion/Actor_20/03-01-08-02-02-02-20.wav
male-neutral,audio_speech_emotion/Actor_21/03-01-01-01-01-01-21.wav
male-neutral,audio_speech_emotion/Actor_21/03-01-01-01-01-02-21.wav
male-neutral,audio_speech_emotion/Actor_21/03-01-01-01-02-01-21.wav
male-neutral,audio_speech_emotion/Actor_21/03-01-01-01-02-02-21.wav
male-calm,audio_speech_emotion/Actor_21/03-01-02-01-01-01-21.wav
male-calm,audio_speech_emotion/Actor_21/03-01-02-01-01-02-21.wav
male-calm,audio_speech_emotion/Actor_21/03-01-02-01-02-01-21.wav
male-calm,audio_speech_emotion/Actor_21/03-01-02-01-02-02-21.wav
male-calm,audio_speech_emotion/Actor_21/03-01-02-02-01-01-21.wav
male-calm,audio_speech_emotion/Actor_21/03-01-02-02-01-02-21.wav
male-calm,audio_speech_emotion/Actor_21/03-01-02-02-02-01-21.wav
male-calm,audio_speech_emotion/Actor_21/03-01-02-02-02-02-21.wav
male-happy,audio_speech_emotion/Actor_21/03-01-03-01-01-01-21.wav
male-happy,audio_speech_emotion/Actor_21/03-01-03-01-01-02-21.wav
male-happy,audio_speech_emotion/Actor_21/03-01-03-01-02-01-21.wav
male-happy,audio_speech_emotion/Actor_21/03-01-03-01-02-02-21.wav
male-happy,audio_speech_emotion/Actor_21/03-01-03-02-01-01-21.wav
male-happy,audio_speech_emotion/Actor_21/03-01-03-02-01-02-21.wav
male-happy,audio_speech_emotion/Actor_21/03-01-03-02-02-01-21.wav
male-happy,audio_speech_emotion/Actor_21/03-01-03-02-02-02-21.wav
male-sad,audio_speech_emotion/Actor_21/03-01-04-01-01-01-21.wav
male-sad,audio_speech_emotion/Actor_21/03-01-04-01-01-02-21.wav
male-sad,audio_speech_emotion/Actor_21/03-01-04-01-02-01-21.wav
male-sad,audio_speech_emotion/Actor_21/03-01-04-01-02-02-21.wav
male-sad,audio_speech_emotion/Actor_21/03-01-04-02-01-01-21.wav
male-sad,audio_speech_emotion/Actor_21/03-01-04-02-01-02-21.wav
male-sad,audio_speech_emotion/Actor_21/03-01-04-02-02-01-21.wav
male-sad,audio_speech_emotion/Actor_21/03-01-04-02-02-02-21.wav
male-angry,audio_speech_emotion/Actor_21/03-01-05-01-01-01-21.wav
male-angry,audio_speech_emotion/Actor_21/03-01-05-01-01-02-21.wav
male-angry,audio_speech_emotion/Actor_21/03-01-05-01-02-01-21.wav
male-angry,audio_speech_emotion/Actor_21/03-01-05-01-02-02-21.wav
male-angry,audio_speech_emotion/Actor_21/03-01-05-02-01-01-21.wav
male-angry,audio_speech_emotion/Actor_21/03-01-05-02-01-02-21.wav
male-angry,audio_speech_emotion/Actor_21/03-01-05-02-02-01-21.wav
male-angry,audio_speech_emotion/Actor_21/03-01-05-02-02-02-21.wav
male-fear,audio_speech_emotion/Actor_21/03-01-06-01-01-01-21.wav
male-fear,audio_speech_emotion/Actor_21/03-01-06-01-01-02-21.wav
male-fear,audio_speech_emotion/Actor_21/03-01-06-01-02-01-21.wav
male-fear,audio_speech_emotion/Actor_21/03-01-06-01-02-02-21.wav
male-fear,audio_speech_emotion/Actor_21/03-01-06-02-01-01-21.wav
male-fear,audio_speech_emotion/Actor_21/03-01-06-02-01-02-21.wav
male-fear,audio_speech_emotion/Actor_21/03-01-06-02-02-01-21.wav
male-fear,audio_speech_emotion/Actor_21/03-01-06-02-02-02-21.wav
male-disgust,audio_speech_emotion/Actor_21/03-01-07-01-01-01-21.wav
male-disgust,audio_speech_emotion/Actor_21/03-01-07-01-01-02-21.wav
male-disgust,audio_speech_emotion/Actor_21/03-01-07-01-02-01-21.wav
male-disgust,audio_speech_emotion/Actor_21/03-01-07-01-02-02-21.wav
male-disgust,audio_speech_emotion/Actor_21/03-01-07-02-01-01-21.wav
male-disgust,audio_speech_emotion/Actor_21/03-01-07-02-01-02-21.wav
male-disgust,audio_speech_emotion/Actor_21/03-01-07-02-02-01-21.wav
male-disgust,audio_speech_emotion/Actor_21/03-01-07-02-02-02-21.wav
male-surprise,audio_speech_emotion/Actor_21/03-01-08-01-01-01-21.wav
male-surprise,audio_speech_emotion/Actor_21/03-01-08-01-01-02-21.wav
male-surprise,audio_speech_emotion/Actor_21/03-01-08-01-02-01-21.wav
male-surprise,audio_speech_emotion/Actor_21/03-01-08-01-02-02-21.wav
male-surprise,audio_speech_emotion/Actor_21/03-01-08-02-01-01-21.wav
male-surprise,audio_speech_emotion/Actor_21/03-01-08-02-01-02-21.wav
male-surprise,audio_speech_emotion/Actor_21/03-01-08-02-02-01-21.wav
male-surprise,audio_speech_emotion/Actor_21/03-01-08-02-02-02-21.wav
female-neutral,audio_speech_emotion/Actor_22/03-01-01-01-01-01-22.wav
female-neutral,audio_speech_emotion/Actor_22/03-01-01-01-01-02-22.wav
female-neutral,audio_speech_emotion/Actor_22/03-01-01-01-02-01-22.wav
female-neutral,audio_speech_emotion/Actor_22/03-01-01-01-02-02-22.wav
female-calm,audio_speech_emotion/Actor_22/03-01-02-01-01-01-22.wav
female-calm,audio_speech_emotion/Actor_22/03-01-02-01-01-02-22.wav
female-calm,audio_speech_emotion/Actor_22/03-01-02-01-02-01-22.wav
female-calm,audio_speech_emotion/Actor_22/03-01-02-01-02-02-22.wav
female-calm,audio_speech_emotion/Actor_22/03-01-02-02-01-01-22.wav
female-calm,audio_speech_emotion/Actor_22/03-01-02-02-01-02-22.wav
female-calm,audio_speech_emotion/Actor_22/03-01-02-02-02-01-22.wav
female-calm,audio_speech_emotion/Actor_22/03-01-02-02-02-02-22.wav
female-happy,audio_speech_emotion/Actor_22/03-01-03-01-01-01-22.wav
female-happy,audio_speech_emotion/Actor_22/03-01-03-01-01-02-22.wav
female-happy,audio_speech_emotion/Actor_22/03-01-03-01-02-01-22.wav
female-happy,audio_speech_emotion/Actor_22/03-01-03-01-02-02-22.wav
female-happy,audio_speech_emotion/Actor_22/03-01-03-02-01-01-22.wav
female-happy,audio_speech_emotion/Actor_22/03-01-03-02-01-02-22.wav
female-happy,audio_speech_emotion/Actor_22/03-01-03-02-02-01-22.wav
female-happy,audio_speech_emotion/Actor_22/03-01-03-02-02-02-22.wav
female-sad,audio_speech_emotion/Actor_22/03-01-04-01-01-01-22.wav
female-sad,audio_speech_emotion/Actor_22/03-01-04-01-01-02-22.wav
female-sad,audio_speech_emotion/Actor_22/03-01-04-01-02-01-22.wav
female-sad,audio_speech_emotion/Actor_22/03-01-04-01-02-02-22.wav
female-sad,audio_speech_emotion/Actor_22/03-01-04-02-01-01-22.wav
female-sad,audio_speech_emotion/Actor_22/03-01-04-02-01-02-22.wav
female-sad,audio_speech_emotion/Actor_22/03-01-04-02-02-01-22.wav
female-sad,audio_speech_emotion/Actor_22/03-01-04-02-02-02-22.wav
female-angry,audio_speech_emotion/Actor_22/03-01-05-01-01-01-22.wav
female-angry,audio_speech_emotion/Actor_22/03-01-05-01-01-02-22.wav
female-angry,audio_speech_emotion/Actor_22/03-01-05-01-02-01-22.wav
female-angry,audio_speech_emotion/Actor_22/03-01-05-01-02-02-22.wav
female-angry,audio_speech_emotion/Actor_22/03-01-05-02-01-01-22.wav
female-angry,audio_speech_emotion/Actor_22/03-01-05-02-01-02-22.wav
female-angry,audio_speech_emotion/Actor_22/03-01-05-02-02-01-22.wav
female-angry,audio_speech_emotion/Actor_22/03-01-05-02-02-02-22.wav
female-fear,audio_speech_emotion/Actor_22/03-01-06-01-01-01-22.wav
female-fear,audio_speech_emotion/Actor_22/03-01-06-01-01-02-22.wav
female-fear,audio_speech_emotion/Actor_22/03-01-06-01-02-01-22.wav
female-fear,audio_speech_emotion/Actor_22/03-01-06-01-02-02-22.wav
female-fear,audio_speech_emotion/Actor_22/03-01-06-02-01-01-22.wav
female-fear,audio_speech_emotion/Actor_22/03-01-06-02-01-02-22.wav
female-fear,audio_speech_emotion/Actor_22/03-01-06-02-02-01-22.wav
female-fear,audio_speech_emotion/Actor_22/03-01-06-02-02-02-22.wav
female-disgust,audio_speech_emotion/Actor_22/03-01-07-01-01-01-22.wav
female-disgust,audio_speech_emotion/Actor_22/03-01-07-01-01-02-22.wav
female-disgust,audio_speech_emotion/Actor_22/03-01-07-01-02-01-22.wav
female-disgust,audio_speech_emotion/Actor_22/03-01-07-01-02-02-22.wav
female-disgust,audio_speech_emotion/Actor_22/03-01-07-02-01-01-22.wav
female-disgust,audio_speech_emotion/Actor_22/03-01-07-02-01-02-22.wav
female-disgust,audio_speech_emotion/Actor_22/03-01-07-02-02-01-22.wav
female-disgust,audio_speech_emotion/Actor_22/03-01-07-02-02-02-22.wav
female-surprise,audio_speech_emotion/Actor_22/03-01-08-01-01-01-22.wav
female-surprise,audio_speech_emotion/Actor_22/03-01-08-01-01-02-22.wav
female-surprise,audio_speech_emotion/Actor_22/03-01-08-01-02-01-22.wav
female-surprise,audio_speech_emotion/Actor_22/03-01-08-01-02-02-22.wav
female-surprise,audio_speech_emotion/Actor_22/03-01-08-02-01-01-22.wav
female-surprise,audio_speech_emotion/Actor_22/03-01-08-02-01-02-22.wav
female-surprise,audio_speech_emotion/Actor_22/03-01-08-02-02-01-22.wav
female-surprise,audio_speech_emotion/Actor_22/03-01-08-02-02-02-22.wav
male-neutral,audio_speech_emotion/Actor_23/03-01-01-01-01-01-23.wav
male-neutral,audio_speech_emotion/Actor_23/03-01-01-01-01-02-23.wav
male-neutral,audio_speech_emotion/Actor_23/03-01-01-01-02-01-23.wav
male-neutral,audio_speech_emotion/Actor_23/03-01-01-01-02-02-23.wav
male-calm,audio_speech_emotion/Actor_23/03-01-02-01-01-01-23.wav
male-calm,audio_speech_emotion/Actor_23/03-01-02-01-01-02-23.wav
male-calm,audio_speech_emotion/Actor_23/03-01-02-01-02-01-23.wav
male-calm,audio_speech_emotion/Actor_23/03-01-02-01-02-02-23.wav
male-calm,audio_speech_emotion/Actor_23/03-01-02-02-01-01-23.wav
male-calm,audio_speech_emotion/Actor_23/03-01-02-02-01-02-23.wav
male-calm,audio_speech_emotion/Actor_23/03-01-02-02-02-01-23.wav
male-calm,audio_speech_emotion/Actor_23/03-01-02-02-02-02-23.wav
male-happy,audio_speech_emotion/Actor_23/03-01-03-01-01-01-23.wav
male-happy,audio_speech_emotion/Actor_23/03-01-03-01-01-02-23.wav
male-happy,audio_speech_emotion/Actor_23/03-01-03-01-02-01-23.wav
male-happy,audio_speech_emotion/Actor_23/03-01-03-01-02-02-23.wav
male-happy,audio_speech_emotion/Actor_23/03-01-03-02-01-01-23.wav
male-happy,audio_speech_emotion/Actor_23/03-01-03-02-01-02-23.wav
male-happy,audio_speech_emotion/Actor_23/03-01-03-02-02-01-23.wav
male-happy,audio_speech_emotion/Actor_23/03-01-03-02-02-02-23.wav
male-sad,audio_speech_emotion/Actor_23/03-01-04-01-01-01-23.wav
male-sad,audio_speech_emotion/Actor_23/03-01-04-01-01-02-23.wav
male-sad,audio_speech_emotion/Actor_23/03-01-04-01-02-01-23.wav
male-sad,audio_speech_emotion/Actor_23/03-01-04-01-02-02-23.wav
male-sad,audio_speech_emotion/Actor_23/03-01-04-02-01-01-23.wav
male-sad,audio_speech_emotion/Actor_23/03-01-04-02-01-02-23.wav
male-sad,audio_speech_emotion/Actor_23/03-01-04-02-02-01-23.wav
male-sad,audio_speech_emotion/Actor_23/03-01-04-02-02-02-23.wav
male-angry,audio_speech_emotion/Actor_23/03-01-05-01-01-01-23.wav
male-angry,audio_speech_emotion/Actor_23/03-01-05-01-01-02-23.wav
male-angry,audio_speech_emotion/Actor_23/03-01-05-01-02-01-23.wav
male-angry,audio_speech_emotion/Actor_23/03-01-05-01-02-02-23.wav
male-angry,audio_speech_emotion/Actor_23/03-01-05-02-01-01-23.wav
male-angry,audio_speech_emotion/Actor_23/03-01-05-02-01-02-23.wav
male-angry,audio_speech_emotion/Actor_23/03-01-05-02-02-01-23.wav
male-angry,audio_speech_emotion/Actor_23/03-01-05-02-02-02-23.wav
male-fear,audio_speech_emotion/Actor_23/03-01-06-01-01-01-23.wav
male-fear,audio_speech_emotion/Actor_23/03-01-06-01-01-02-23.wav
male-fear,audio_speech_emotion/Actor_23/03-01-06-01-02-01-23.wav
male-fear,audio_speech_emotion/Actor_23/03-01-06-01-02-02-23.wav
male-fear,audio_speech_emotion/Actor_23/03-01-06-02-01-01-23.wav
male-fear,audio_speech_emotion/Actor_23/03-01-06-02-01-02-23.wav
male-fear,audio_speech_emotion/Actor_23/03-01-06-02-02-01-23.wav
male-fear,audio_speech_emotion/Actor_23/03-01-06-02-02-02-23.wav
male-disgust,audio_speech_emotion/Actor_23/03-01-07-01-01-01-23.wav
male-disgust,audio_speech_emotion/Actor_23/03-01-07-01-01-02-23.wav
male-disgust,audio_speech_emotion/Actor_23/03-01-07-01-02-01-23.wav
male-disgust,audio_speech_emotion/Actor_23/03-01-07-01-02-02-23.wav
male-disgust,audio_speech_emotion/Actor_23/03-01-07-02-01-01-23.wav
male-disgust,audio_speech_emotion/Actor_23/03-01-07-02-01-02-23.wav
male-disgust,audio_speech_emotion/Actor_23/03-01-07-02-02-01-23.wav
male-disgust,audio_speech_emotion/Actor_23/03-01-07-02-02-02-23.wav
male-surprise,audio_speech_emotion/Actor_23/03-01-08-01-01-01-23.wav
male-surprise,audio_speech_emotion/Actor_23/03-01-08-01-01-02-23.wav
male-surprise,audio_speech_emotion/Actor_23/03-01-08-01-02-01-23.wav
male-surprise,audio_speech_emotion/Actor_23/03-01-08-01-02-02-23.wav
male-surprise,audio_speech_emotion/Actor_23/03-01-08-02-01-01-23.wav
male-surprise,audio_speech_emotion/Actor_23/03-01-08-02-01-02-23.wav
male-surprise,audio_speech_emotion/Actor_23/03-01-08-02-02-01-23.wav
male-surprise,audio_speech_emotion/Actor_23/03-01-08-02-02-02-23.wav
female-neutral,audio_speech_emotion/Actor_24/03-01-01-01-01-01-24.wav
female-neutral,audio_speech_emotion/Actor_24/03-01-01-01-01-02-24.wav
female-neutral,audio_speech_emotion/Actor_24/03-01-01-01-02-01-24.wav
female-neutral,audio_speech_emotion/Actor_24/03-01-01-01-02-02-24.wav
female-calm,audio_speech_emotion/Actor_24/03-01-02-01-01-01-24.wav
female-calm,audio_speech_emotion/Actor_24/03-01-02-01-01-02-24.wav
female-calm,audio_speech_emotion/Actor_24/03-01-02-01-02-01-24.wav
female-calm,audio_speech_emotion/Actor_24/03-01-02-01-02-02-24.wav
female-calm,audio_speech_emotion/Actor_24/03-01-02-02-01-01-24.wav
female-calm,audio_speech_emotion/Actor_24/03-01-02-02-01-02-24.wav
female-calm,audio_speech_emotion/Actor_24/03-01-02-02-02-01-24.wav
female-calm,audio_speech_emotion/Actor_24/03-01-02-02-02-02-24.wav
female-happy,audio_speech_emotion/Actor_24/03-01-03-01-01-01-24.wav
female-happy,audio_speech_emotion/Actor_24/03-01-03-01-01-02-24.wav
female-happy,audio_speech_emotion/Actor_24/03-01-03-01-02-01-24.wav
female-happy,audio_speech_emotion/Actor_24/03-01-03-01-02-02-24.wav
female-happy,audio_speech_emotion/Actor_24/03-01-03-02-01-01-24.wav
female-happy,audio_speech_emotion/Actor_24/03-01-03-02-01-02-24.wav
female-happy,audio_speech_emotion/Actor_24/03-01-03-02-02-01-24.wav
female-happy,audio_speech_emotion/Actor_24/03-01-03-02-02-02-24.wav
female-sad,audio_speech_emotion/Actor_24/03-01-04-01-01-01-24.wav
female-sad,audio_speech_emotion/Actor_24/03-01-04-01-01-02-24.wav
female-sad,audio_speech_emotion/Actor_24/03-01-04-01-02-01-24.wav
female-sad,audio_speech_emotion/Actor_24/03-01-04-01-02-02-24.wav
female-sad,audio_speech_emotion/Actor_24/03-01-04-02-01-01-24.wav
female-sad,audio_speech_emotion/Actor_24/03-01-04-02-01-02-24.wav
female-sad,audio_speech_emotion/Actor_24/03-01-04-02-02-01-24.wav
female-sad,audio_speech_emotion/Actor_24/03-01-04-02-02-02-24.wav
female-angry,audio_speech_emotion/Actor_24/03-01-05-01-01-01-24.wav
female-angry,audio_speech_emotion/Actor_24/03-01-05-01-01-02-24.wav
female-angry,audio_speech_emotion/Actor_24/03-01-05-01-02-01-24.wav
female-angry,audio_speech_emotion/Actor_24/03-01-05-01-02-02-24.wav
female-angry,audio_speech_emotion/Actor_24/03-01-05-02-01-01-24.wav
female-angry,audio_speech_emotion/Actor_24/03-01-05-02-01-02-24.wav
female-angry,audio_speech_emotion/Actor_24/03-01-05-02-02-01-24.wav
female-angry,audio_speech_emotion/Actor_24/03-01-05-02-02-02-24.wav
female-fear,audio_speech_emotion/Actor_24/03-01-06-01-01-01-24.wav
female-fear,audio_speech_emotion/Actor_24/03-01-06-01-01-02-24.wav
female-fear,audio_speech_emotion/Actor_24/03-01-06-01-02-01-24.wav
female-fear,audio_speech_emotion/Actor_24/03-01-06-01-02-02-24.wav
female-fear,audio_speech_emotion/Actor_24/03-01-06-02-01-01-24.wav
female-fear,audio_speech_emotion/Actor_24/03-01-06-02-01-02-24.wav
female-fear,audio_speech_emotion/Actor_24/03-01-06-02-02-01-24.wav
female-fear,audio_speech_emotion/Actor_24/03-01-06-02-02-02-24.wav
female-disgust,audio_speech_emotion/Actor_24/03-01-07-01-01-01-24.wav
female-disgust,audio_speech_emotion/Actor_24/03-01-07-01-01-02-24.wav
female-disgust,audio_speech_emotion/Actor_24/03-01-07-01-02-01-24.wav
female-disgust,audio_speech_emotion/Actor_24/03-01-07-01-02-02-24.wav
female-disgust,audio_speech_emotion/Actor_24/03-01-07-02-01-01-24.wav
female-disgust,audio_speech_emotion/Actor_24/03-01-07-02-01-02-24.wav
female-disgust,audio_speech_emotion/Actor_24/03-01-07-02-02-01-24.wav
female-disgust,audio_speech_emotion/Actor_24/03-01-07-02-02-02-24.wav
female-surprise,audio_speech_emotion/Actor_24/03-01-08-01-01-01-24.wav
female-surprise,audio_speech_emotion/Actor_24/03-01-08-01-01-02-24.wav
female-surprise,audio_speech_emotion/Actor_24/03-01-08-01-02-01-24.wav
female-surprise,audio_speech_emotion/Actor_24/03-01-08-01-02-02-24.wav
female-surprise,audio_speech_emotion/Actor_24/03-01-08-02-01-01-24.wav
female-surprise,audio_speech_emotion/Actor_24/03-01-08-02-01-02-24.wav
female-surprise,audio_speech_emotion/Actor_24/03-01-08-02-02-01-24.wav
female-surprise,audio_speech_emotion/Actor_24/03-01-08-02-02-02-24.wav
